file_name,file_type,folder,track_no,artist,title,track_no_source,from_cd_artist,mix_id,mix_name
60000301.m4a,m4a,Z 0003 Car CD 03 - mixed dance,60000301,"Shic, mc",Nightstalker (& zeidan),T01: 04,"Nocturnal frequencies 03, danny howells",Z0003,Car CD 03
60000302.m4a,m4a,Z 0003 Car CD 03 - mixed dance,60000302,"Dawson, dana",3 is family,T02: 12,House of handbag,Z0003,Car CD 03
60000303.m4a,m4a,Z 0003 Car CD 03 - mixed dance,60000303,New phunk theory,Always (& kerry green),T01: 10,Deeper,Z0003,Car CD 03
60000304.m4a,m4a,Z 0003 Car CD 03 - mixed dance,60000304,Masters at work,Brazilian beat,T09,"Funky lowlives, the, ascension presents",Z0003,Car CD 03
60000305.m4a,m4a,Z 0003 Car CD 03 - mixed dance,60000305,Eddy,Someday,T12,MOS 3,Z0003,Car CD 03
60000306.m4a,m4a,Z 0003 Car CD 03 - mixed dance,60000306,M people,Love rendezvous,T01: 13,MOS 6,Z0003,Car CD 03
60000307.m4a,m4a,Z 0003 Car CD 03 - mixed dance,60000307,"Knuckles, frankie",Keep on moving (& nicki richards),T01: 01,"Faith 1, house classics past & present, terry farley & bill brewster",Z0003,Car CD 03
60000308.m4a,m4a,Z 0003 Car CD 03 - mixed dance,60000308,Sandy b,Aint no need to hide,T08 (0 - -1:00),Garage class 2,Z0003,Car CD 03
60000309.m4a,m4a,Z 0003 Car CD 03 - mixed dance,60000309,Unknown,Unknown,,Unknown,Z0003CarCD03-mixeddance,Z 0003 Car CD 03 - mixed dance
60000310.m4a,m4a,Z 0003 Car CD 03 - mixed dance,60000310,Hardrive,Just believe,T01,Strictly rhythm 3,Z0003,Car CD 03
60000311.m4a,m4a,Z 0003 Car CD 03 - mixed dance,60000311,"Roberts, joe",Back in my life,T06,Ffrr platinum on black,Z0003,Car CD 03
60000312.m4a,m4a,Z 0003 Car CD 03 - mixed dance,60000312,Key to life,Forever (& sabrina johnston),T10,Garage divas,Z0003,Car CD 03
60000313.m4a,m4a,Z 0003 Car CD 03 - mixed dance,60000313,Duke,So in love with you,T01: 07,Dancenet 2,Z0003,Car CD 03
60000401.m4a,m4a,Z 0004 Car CD 04 - mixed dance,60000401,"Holloway, loleatta",Hit & run,T10,"Mastercuts, classic salsoul 2",Z0004,Car CD 04
60000402.m4a,m4a,Z 0004 Car CD 04 - mixed dance,60000402,House of prince,Perfect love,T13,Twist this pussy,Z0004,Car CD 04
60000403.m4a,m4a,Z 0004 Car CD 04 - mixed dance,60000403,Ez rollers,Retro,T02: 14,Nu cool 2,Z0004,Car CD 04
60000404.m4a,m4a,Z 0004 Car CD 04 - mixed dance,60000404,"Haines, nathan",Earth is the place (& verna francis),T01: 10,MOS sessions 12,Z0004,Car CD 04
60000405.m4a,m4a,Z 0004 Car CD 04 - mixed dance,60000405,Yello,To the sea,T02,"Tenaglia, danny, back to mine",Z0004,Car CD 04
60000406.m4a,m4a,Z 0004 Car CD 04 - mixed dance,60000406,"Rae, fonda",Living in ecstasy,T01: 02,MOS 7,Z0004,Car CD 04
60000407.m4a,m4a,Z 0004 Car CD 04 - mixed dance,60000407,"Jackson, giselle",Love commandments,T01: 03,MOS 7,Z0004,Car CD 04
60000408.m4a,m4a,Z 0004 Car CD 04 - mixed dance,60000408,Salt city orchestra,Storm,T03,Can your pussy do the dog,Z0004,Car CD 04
60000409.m4a,m4a,Z 0004 Car CD 04 - mixed dance,60000409,Drizabone,Real love,T01: 12,"94th & 10th, a decade of 94th & broadway",Z0004,Car CD 04
60000410.m4a,m4a,Z 0004 Car CD 04 - mixed dance,60000410,Raw concept,On & on,T01: 13,"MOS late night sessions 2, xpress2",Z0004,Car CD 04
60000411.m4a,m4a,Z 0004 Car CD 04 - mixed dance,60000411,"Falk, christian",Make it right (& demetreus),T14,"Artful dodger, the, presents rerewind",Z0004,Car CD 04
60000412.m4a,m4a,Z 0004 Car CD 04 - mixed dance,60000412,Urban blues project,Deliver me,T01: 04,MOS 5,Z0004,Car CD 04
60000413.m4a,m4a,Z 0004 Car CD 04 - mixed dance,60000413,"Warren, alysha",I pray,T01: 07,MOS 4,Z0004,Car CD 04
60000414.m4a,m4a,Z 0004 Car CD 04 - mixed dance,60000414,Criminal element orchestra,Go around,T02: 08,MOS 7,Z0004,Car CD 04
60000415.m4a,m4a,Z 0004 Car CD 04 - mixed dance,60000415,Royksopp,Poor land,T01: 06,"MOS annual 2002, the",Z0004,Car CD 04
60000501.m4a,m4a,Z 0005 Car CD 05 - mixed dance,60000501,Propellerheads,History repeating,T06,Propellerheads,Z0005,Car CD 05
60000502.m4a,m4a,Z 0005 Car CD 05 - mixed dance,60000502,"Guthries, gwen",7th heaven,T01: 03,"94th & 10th, a decade of 94th & broadway",Z0005,Car CD 05
60000503.m4a,m4a,Z 0005 Car CD 05 - mixed dance,60000503,Zoo experience,We can make it (& overjoyed),T01: 06,MOS 8,Z0005,Car CD 05
60000504.m4a,m4a,Z 0005 Car CD 05 - mixed dance,60000504,Kings of tomorrow,I'm so grateful,T02: 04,MOS 6,Z0005,Car CD 05
60000505.m4a,m4a,Z 0005 Car CD 05 - mixed dance,60000505,M & m,So deep so good,T05,Strictly rhythm 3,Z0005,Car CD 05
60000506.m4a,m4a,Z 0005 Car CD 05 - mixed dance,60000506,Black science orchestra,Bless the darkness,T02: 03,"MOS late night sessions 2, xpress2",Z0005,Car CD 05
60000507.m4a,m4a,Z 0005 Car CD 05 - mixed dance,60000507,Atlantis,No more excuses (& naomi nsombi),T02: 03,Deeper,Z0005,Car CD 05
60000508.m4a,m4a,Z 0005 Car CD 05 - mixed dance,60000508,Mood swing,25th st,T14,Nervous ny,Z0005,Car CD 05
60000509.m4a,m4a,Z 0005 Car CD 05 - mixed dance,60000509,Jersey street,Cry me a river,T01,"Summer breeze, glasgow underground presents, kevin mckay",Z0005,Car CD 05
60000510.m4a,m4a,Z 0005 Car CD 05 - mixed dance,60000510,"Evora, cesaria",Sangue de peirona,T01: 06,Nu cool 3,Z0005,Car CD 05
60000511.m4a,m4a,Z 0005 Car CD 05 - mixed dance,60000511,"Germain, st",Alabama blues,T02,"Germain, st",Z0005,Car CD 05
60000512.m4a,m4a,Z 0005 Car CD 05 - mixed dance,60000512,Smooth touch,House of love,T07,Strictly rhythm 2,Z0005,Car CD 05
60000513.m4a,m4a,Z 0005 Car CD 05 - mixed dance,60000513,"Brown, kathy",Give it up,T01: 08,MOS sessions 12,Z0005,Car CD 05
60000601.m4a,m4a,Z 0006 Car CD 06 - mixed dance,60000601,Mbg,Tribal voices,T03,Made in italy,Z0006,Car CD 06
60000602.m4a,m4a,Z 0006 Car CD 06 - mixed dance,60000602,Humate,Choose life,T01: 02,MOS club nation 1,Z0006,Car CD 06
60000603.m4a,m4a,Z 0006 Car CD 06 - mixed dance,60000603,Fragma,Tosca's miracle,T01: 02,MOS hard nrg,Z0006,Car CD 06
60000604.m4a,m4a,Z 0006 Car CD 06 - mixed dance,60000604,Mfs,Keep on (& jaye ella ruth),T01: 02,MOS 5,Z0006,Car CD 06
60000605.m4a,m4a,Z 0006 Car CD 06 - mixed dance,60000605,Endorphin,Free (remix),T02: 01,Endorphin,Z0006,Car CD 06
60000606.m4a,m4a,Z 0006 Car CD 06 - mixed dance,60000606,Desert,Letting ya mind go,T02,"Nu tech house, dj lottie",Z0006,Car CD 06
60000607.m4a,m4a,Z 0006 Car CD 06 - mixed dance,60000607,"Terry, todd",Keep on jumpin,T02: 04,Club classics 1,Z0006,Car CD 06
60000608.m4a,m4a,Z 0006 Car CD 06 - mixed dance,60000608,Dayeene,Around the world,T01,Pulsating rhythms 3,Z0006,Car CD 06
60000609.m4a,m4a,Z 0006 Car CD 06 - mixed dance,60000609,Da click,Good rhymes,T01: 02,MOS dance nation 6,Z0006,Car CD 06
60000610.m4a,m4a,Z 0006 Car CD 06 - mixed dance,60000610,Sol brothers,That elvis track,T02: 17,Block bustin beats,Z0006,Car CD 06
60000611.m4a,m4a,Z 0006 Car CD 06 - mixed dance,60000611,Daphreephunkateerz,Get pissed on brooklyn bridge,T03,"220 volts fm, tuner a vif",Z0006,Car CD 06
60000612.m4a,m4a,Z 0006 Car CD 06 - mixed dance,60000612,Halo,Primitive,T01: 03 (& 4),"Nocturnal frequencies 03, danny howells",Z0006,Car CD 06
60000613.m4a,m4a,Z 0006 Car CD 06 - mixed dance,60000613,H2o,Satisfied,T01: 12,MOS 8,Z0006,Car CD 06
60000614.m4a,m4a,Z 0006 Car CD 06 - mixed dance,60000614,"Holmes, david","Yates, rodney",T06,"Holmes, david",Z0006,Car CD 06
60000615.m4a,m4a,Z 0006 Car CD 06 - mixed dance,60000615,1 dove,Fallen,T01,1 dove,Z0006,Car CD 06
60000616.m4a,m4a,Z 0006 Car CD 06 - mixed dance,60000616,Neotropic,Vacetious blooms,T06,Neotropic,Z0006,Car CD 06
60000901.m4a,m4a,Z 0009 Car CD 09 - mixed dance,60000901,"Anderson, carleen",Apparently nothin,T01: 12,MOS 4,Z0009,Car CD 09
60000902.m4a,m4a,Z 0009 Car CD 09 - mixed dance,60000902,Kklass,Don't stop,T05,Kklass,Z0009,Car CD 09
60000903.m4a,m4a,Z 0009 Car CD 09 - mixed dance,60000903,Ultranate,Free,T02: 01,MOS 8,Z0009,Car CD 09
60000904.m4a,m4a,Z 0009 Car CD 09 - mixed dance,60000904,Wosp,Getting in 2 u,T01: 13,"MOS annual 2002, the",Z0009,Car CD 09
60000905.m4a,m4a,Z 0009 Car CD 09 - mixed dance,60000905,"Knuckles, frankie",Keep it real (& adeva),T05,"Knuckles, frankie",Z0009,Car CD 09
60000906.m4a,m4a,Z 0009 Car CD 09 - mixed dance,60000906,Ground level,Journey through the night,T04,Pulsating rhythms 5,Z0009,Car CD 09
60000907.m4a,m4a,Z 0009 Car CD 09 - mixed dance,60000907,Mel & kim,Showing out,T10,Mel & kim,Z0009,Car CD 09
60000908.m4a,m4a,Z 0009 Car CD 09 - mixed dance,60000908,"Brown, jocelyn",Something's going on,T02,"Brown, jocelyn",Z0009,Car CD 09
60000909.m4a,m4a,Z 0009 Car CD 09 - mixed dance,60000909,"Electric fro, the",Theme from electro fro,T18,Can your pussy do the dog,Z0009,Car CD 09
60000910.m4a,m4a,Z 0009 Car CD 09 - mixed dance,60000910,1st choice,Armed & extremely dangerous,T01: 03,MOS 8,Z0009,Car CD 09
60000911.m4a,m4a,Z 0009 Car CD 09 - mixed dance,60000911,"E, don",Love makes the world go around,T01: 10,"94th & 10th, a decade of 94th & broadway",Z0009,Car CD 09
60000912.m4a,m4a,Z 0009 Car CD 09 - mixed dance,60000912,"Ayers, roy",Sweet tears,T07,"Jumpin 2, classics from the original disco underground",Z0009,Car CD 09
60000913.m4a,m4a,Z 0009 Car CD 09 - mixed dance,60000913,Science dept,Persuasion,T01: 12,"Bedrock, john digweed",Z0009,Car CD 09
60000914.m4a,m4a,Z 0009 Car CD 09 - mixed dance,60000914,Dimitri from paris,Dim's jazz,T03,Future sound of paris 2,Z0009,Car CD 09
60000915.m4a,m4a,Z 0009 Car CD 09 - mixed dance,60000915,Mateo & matos,Happy feeling,T01: 01,"MOS late night sessions 2, xpress2",Z0009,Car CD 09
60000916.m4a,m4a,Z 0009 Car CD 09 - mixed dance,60000916,Eurekavibe,Sacred & true,T12,Radio raw 2,Z0009,Car CD 09
60001001.m4a,m4a,Z 0010 Car CD 10 - mixed dance,60001001,M people,How can I love you more (sasha remix),T02: 01,"Deconstruction classics, a history of dance music",Z0010,Car CD 10
60001002.m4a,m4a,Z 0010 Car CD 10 - mixed dance,60001002,Absolute us,There will come a day (& suzanne palmer),T01: 11,House of handbag,Z0010,Car CD 10
60001003.m4a,m4a,Z 0010 Car CD 10 - mixed dance,60001003,"Da silva, rui",Touch me,T01: 21,"MOS annual 2002, the",Z0010,Car CD 10
60001004.m4a,m4a,Z 0010 Car CD 10 - mixed dance,60001004,"Brown, jocelyn",Fun,T05,"Brown, jocelyn",Z0010,Car CD 10
60001005.m4a,m4a,Z 0010 Car CD 10 - mixed dance,60001005,Urban hype,Game of love,T05,Pulsating rhythms 5,Z0010,Car CD 10
60001006.m4a,m4a,Z 0010 Car CD 10 - mixed dance,60001006,"Simpson, paul & colonel abrams",Could it be,T01: 13,MOS sessions 12,Z0010,Car CD 10
60001007.m4a,m4a,Z 0010 Car CD 10 - mixed dance,60001007,Da mooch,Send me some love (& ellis miah),T01: 05,MOS 8,Z0010,Car CD 10
60001008.m4a,m4a,Z 0010 Car CD 10 - mixed dance,60001008,Magenta,Music & rights,T08,Future sound of paris 2,Z0010,Car CD 10
60001009.m4a,m4a,Z 0010 Car CD 10 - mixed dance,60001009,King street crew,Gonna be alright,T08,Nervous ny,Z0010,Car CD 10
60001010.m4a,m4a,Z 0010 Car CD 10 - mixed dance,60001010,"Giles, donna",And I tell you i'm not going to stonebridge,T05,MOS 3,Z0010,Car CD 10
60001011.m4a,m4a,Z 0010 Car CD 10 - mixed dance,60001011,Black science orchestra,Heavy gospel morning,T02: 03,MOS 6,Z0010,Car CD 10
60001012.m4a,m4a,Z 0010 Car CD 10 - mixed dance,60001012,Basement jaxx,Bingo bango,T02: 01,MOS club nation 1,Z0010,Car CD 10
60001013.m4a,m4a,Z 0010 Car CD 10 - mixed dance,60001013,Mcj,I'm ready for your love (& davina),T08,Made in italy,Z0010,Car CD 10
60001014.m4a,m4a,Z 0010 Car CD 10 - mixed dance,60001014,Androgeny,I could be this I could be that,T11,Strictly rhythm 3,Z0010,Car CD 10
60001015.m4a,m4a,Z 0010 Car CD 10 - mixed dance,60001015,"Murray, jolynn",It's time to party,T05,Garage divas,Z0010,Car CD 10
60001101.m4a,m4a,Z 0011 Car CD 11 - mixed dance,60001101,Transform,Transformation,T02: 02,Logic trance 2,Z0011,Car CD 11
60001102.m4a,m4a,Z 0011 Car CD 11 - mixed dance,60001102,"Sledge, kathy",Another star,T01: 03,MOS 4,Z0011,Car CD 11
60001103.m4a,m4a,Z 0011 Car CD 11 - mixed dance,60001103,Stereo mcs,Connected,T02: 11,"94th & 10th, a decade of 94th & broadway",Z0011,Car CD 11
60001104.m4a,m4a,Z 0011 Car CD 11 - mixed dance,60001104,"Brown, jocelyn",Happiness (& kamasutra),T06,"Brown, jocelyn",Z0011,Car CD 11
60001105.m4a,m4a,Z 0011 Car CD 11 - mixed dance,60001105,Aquanote,Only,T01: 06,Deeper,Z0011,Car CD 11
60001106.m4a,m4a,Z 0011 Car CD 11 - mixed dance,60001106,Freakpower,Turn on tune in cop out,T02: 10,"94th & 10th, a decade of 94th & broadway",Z0011,Car CD 11
60001107.m4a,m4a,Z 0011 Car CD 11 - mixed dance,60001107,"Tucker, barbara",Stay together,T01,Strictly rhythm 5,Z0011,Car CD 11
60001108.m4a,m4a,Z 0011 Car CD 11 - mixed dance,60001108,"Candelario, benji, project",Spread love,T02: 11,MOS sessions 12,Z0011,Car CD 11
60001109.m4a,m4a,Z 0011 Car CD 11 - mixed dance,60001109,"Chunks, chubby",Testament 4,T02: 08,100 mph pure underground dance 1 & 2,Z0011,Car CD 11
60001110.m4a,m4a,Z 0011 Car CD 11 - mixed dance,60001110,Ntrance,Set me free,T03: 03,"MOS annual 2002, the",Z0011,Car CD 11
60001111.m4a,m4a,Z 0011 Car CD 11 - mixed dance,60001111,Just us,What a night,T02: 12,"MOS annual 2002, the",Z0011,Car CD 11
60001112.m4a,m4a,Z 0011 Car CD 11 - mixed dance,60001112,Ground level,Searching for the truth,T10,Ground level,Z0011,Car CD 11
60001113.m4a,m4a,Z 0011 Car CD 11 - mixed dance,60001113,Funkygreendogs,Fired up,T02,Funkygreendogs,Z0011,Car CD 11
60001801.m4a,m4a,Z 0018 Car CD 13  - mixed dance,60001801,"Linen, max","Sound shaker, the",T01: 17,"MOS annual 2002, the",Z0018,Car CD 13
60001802.m4a,m4a,Z 0018 Car CD 13  - mixed dance,60001802,"Artful dodger, the",What you gonna do (remix),T13,"Artful dodger, the",Z0018,Car CD 13
60001803.m4a,m4a,Z 0018 Car CD 13  - mixed dance,60001803,Illumination,Cookie river,T09,Cafe del mar 8 (ocho),Z0018,Car CD 13
60001804.m4a,m4a,Z 0018 Car CD 13  - mixed dance,60001804,Bedlam,Da force,T02: 10,Street fm 1,Z0018,Car CD 13
60001805.m4a,m4a,Z 0018 Car CD 13  - mixed dance,60001805,"Beginerz, the",Reckless girl,T01: 01,"MOS annual 2003, the",Z0018,Car CD 13
60001806.m4a,m4a,Z 0018 Car CD 13  - mixed dance,60001806,Natural calamity,And that's saying a lot,T09,This is not a soundclash,Z0018,Car CD 13
60001807.m4a,m4a,Z 0018 Car CD 13  - mixed dance,60001807,Fenomenon,Out of control,T06,This is not a soundclash,Z0018,Car CD 13
60001808.m4a,m4a,Z 0018 Car CD 13  - mixed dance,60001808,Mambana,No reason,T02: 06,MOS clubbers guide to 2003,Z0018,Car CD 13
60001809.m4a,m4a,Z 0018 Car CD 13  - mixed dance,60001809,"Riviera, sandy",Changes (& haze),T02: 03,MOS clubbers guide to 2003,Z0018,Car CD 13
60001810.m4a,m4a,Z 0018 Car CD 13  - mixed dance,60001810,"Streets, the",Weak becomes heroes,T01: 17,"MOS annual 2003, the",Z0018,Car CD 13
60001811.m4a,m4a,Z 0018 Car CD 13  - mixed dance,60001811,"Vass, dina","Love I have for you, the",T01: 14,"MOS annual 2003, the",Z0018,Car CD 13
60001812.m4a,m4a,Z 0018 Car CD 13  - mixed dance,60001812,Raffen,Enough of your love,T12,"Fashion tv, spring summer 2001 collection",Z0018,Car CD 13
60001901.m4a,m4a,Z 0019 Car CD 14 - mixed dance,60001901,Bt,Shame,T02: 01,"Global underground 021, deep dish, moscow",Z0019,Car CD 14
60001902.m4a,m4a,Z 0019 Car CD 14 - mixed dance,60001902,Basement jaxx,Do your thing,T01: 06,"MOS annual 2003, the",Z0019,Car CD 14
60001903.m4a,m4a,Z 0019 Car CD 14 - mixed dance,60001903,Raven maize,Fascinated,T01: 05,"MOS annual 2003, the",Z0019,Car CD 14
60001904.m4a,m4a,Z 0019 Car CD 14 - mixed dance,60001904,She rockers,On shane (& vs utah saints),T10,New school vs old school 2,Z0019,Car CD 14
60001905.m4a,m4a,Z 0019 Car CD 14 - mixed dance,60001905,Nerd,Run to the sun,T07,Nerd,Z0019,Car CD 14
60001906.m4a,m4a,Z 0019 Car CD 14 - mixed dance,60001906,Jamiroquai,Love foolsonly,T01: 04,"MOS annual 2003, the",Z0019,Car CD 14
60001907.m4a,m4a,Z 0019 Car CD 14 - mixed dance,60001907,Bis project,Girls like us,T13,MOS 2step the album,Z0019,Car CD 14
60001909.m4a,m4a,Z 0019 Car CD 14 - mixed dance,60001909,"Artful dodger, the",Moving too fast (& romina johnson),T02: 02,"Ayia napa, ultimate",Z0019,Car CD 14
60001910.m4a,m4a,Z 0019 Car CD 14 - mixed dance,60001910,"Aaron, robert",Sax in the ozone,T02: 03,"Faith 1, house classics past & present, terry farley & bill brewster",Z0019,Car CD 14
60001911.m4a,m4a,Z 0019 Car CD 14 - mixed dance,60001911,"Jones, digby",Pina colada,T12,Cafe del mar 8 (ocho),Z0019,Car CD 14
60001912.m4a,m4a,Z 0019 Car CD 14 - mixed dance,60001912,Layo & bushwacka,Love story,T01: 02,"MOS annual 2003, the",Z0019,Car CD 14
60001913.m4a,m4a,Z 0019 Car CD 14 - mixed dance,60001913,Il padrinos,That's how good your love is (& jocelyn brown),T01: 03,"MOS annual 2003, the",Z0019,Car CD 14
60001914.m4a,m4a,Z 0019 Car CD 14 - mixed dance,60001914,King unique,Look ahead,T01: 18,"Ayia napa, ultimate",Z0019,Car CD 14
60001915.m4a,m4a,Z 0019 Car CD 14 - mixed dance,60001915,India,To be in love (& maw presents),T01: 19,"Ayia napa, ultimate",Z0019,Car CD 14
60001916.m4a,m4a,Z 0019 Car CD 14 - mixed dance,60001916,Kings of tomorrow,Finally,T01: 11,"Faith 1, house classics past & present, terry farley & bill brewster",Z0019,Car CD 14
60001917.m4a,m4a,Z 0019 Car CD 14 - mixed dance,60001917,Fridge,Paradise,T02: 12,Street fm 1,Z0019,Car CD 14
60104301 Mark Imperial - J'Adore Danser (Club Mix).m4a,m4a,"Z 1043 dnc 435 solid pleasure 3 of 3, chicago house",60104301,"Imperial, mark",J'adore danser (club mix),T03: 08,"History of the house sound of chicago, the",Z1043,"dnc 435 solid pleasure 3 of 3, chicago house"
"60104302 Mclaren, malcolm - Deep in vogue (bantje realness mix) (09-04).m4a",m4a,"Z 1043 dnc 435 solid pleasure 3 of 3, chicago house",60104302,"Mclaren, malcolm",Deep in vogue (bantje realness mix),T03,"Mclaren, malcolm",Z1043,"dnc 435 solid pleasure 3 of 3, chicago house"
60104303 Billie - Nobody's Business (Radio Mix).m4a,m4a,"Z 1043 dnc 435 solid pleasure 3 of 3, chicago house",60104303,Billie,Nobody's business (radio mix),T10: 09,"History of the house sound of chicago, the",Z1043,"dnc 435 solid pleasure 3 of 3, chicago house"
60104304 Libra Libra - I Like It.m4a,m4a,"Z 1043 dnc 435 solid pleasure 3 of 3, chicago house",60104304,Libra libra,I like it,T07: 04,"History of the house sound of chicago, the",Z1043,"dnc 435 solid pleasure 3 of 3, chicago house"
60104305 Mink - What Does It Take (Fashion Mix).m4a,m4a,"Z 1043 dnc 435 solid pleasure 3 of 3, chicago house",60104305,Mink,What does it take (fashion mix),T10: 03,"History of the house sound of chicago, the",Z1043,"dnc 435 solid pleasure 3 of 3, chicago house"
60104306 Movement -The Movement.m4a,m4a,"Z 1043 dnc 435 solid pleasure 3 of 3, chicago house",60104306,Movement,"Movement, the",T09: 09,"History of the house sound of chicago, the",Z1043,"dnc 435 solid pleasure 3 of 3, chicago house"
60104307 Thompson & Lenoir - Can't Stop The House.m4a,m4a,"Z 1043 dnc 435 solid pleasure 3 of 3, chicago house",60104307,Thompson & lenoir,Can't stop the house,T10: 10,"History of the house sound of chicago, the",Z1043,"dnc 435 solid pleasure 3 of 3, chicago house"
60104308 Jellybean Featuring Steven Dante - The Real Thing (West 26th Street Mix).m4a,m4a,"Z 1043 dnc 435 solid pleasure 3 of 3, chicago house",60104308,Jellybean,"Real thing, the (& ft steven dante) (west 26th street mix)",T12: 02,"History of the house sound of chicago, the",Z1043,"dnc 435 solid pleasure 3 of 3, chicago house"
60104309 Kenny D & Tommy Musto - Everything Bamboo (Club Version).m4a,m4a,"Z 1043 dnc 435 solid pleasure 3 of 3, chicago house",60104309,Kenny d,Everything bamboo (club version (& tommy musto),T09: 07,"History of the house sound of chicago, the",Z1043,"dnc 435 solid pleasure 3 of 3, chicago house"
60104310 Krush - House Arrest (The Beat Is The Law).m4a,m4a,"Z 1043 dnc 435 solid pleasure 3 of 3, chicago house",60104310,Krush,"House arrest, the beat is the law",T13: 04,"History of the house sound of chicago, the",Z1043,"dnc 435 solid pleasure 3 of 3, chicago house"
"60104311 2 Puerto Ricans, A Blackman And A Dominican -Do It Properly (Def Mix).m4a",m4a,"Z 1043 dnc 435 solid pleasure 3 of 3, chicago house",60104311,"2 puerto ricans, a blackman & a dominican",Do it properly (def mix),T09: 06,"History of the house sound of chicago, the",Z1043,"dnc 435 solid pleasure 3 of 3, chicago house"
60104312 Farm Boy - Sway.m4a,m4a,"Z 1043 dnc 435 solid pleasure 3 of 3, chicago house",60104312,Farm boy,Sway,T03: 06,"History of the house sound of chicago, the",Z1043,"dnc 435 solid pleasure 3 of 3, chicago house"
60104401 Tiny tunes - Will you catch me.m4a,m4a,Z 1044 Car cd 15,60104401,Tiny tunes,Will you catch me,T10,Cafe del mar 8 (ocho),Z1044,Car CD 15
"60104402 Gopher, alex - Child, the (faze action party mix).m4a",m4a,Z 1044 Car cd 15,60104402,"Gopher, alex","Child, the (faze action party mix)",T03,"Fashion tv, spring summer 2001 collection",Z1044,Car CD 15
60104403 Atm - Slow dive.m4a,m4a,Z 1044 Car cd 15,60104403,Atm,Slow dive,T02: 09,Central heating 1,Z1044,Car CD 15
"60104404 Sinclair, bob - Beat goes on, the.m4a",m4a,Z 1044 Car cd 15,60104404,"Sinclair, bob","Beat goes on, the",T01: 01,MOS clubbers guide to 2003,Z1044,Car CD 15
"60104405 Germain, st - Sure thing.m4a",m4a,Z 1044 Car cd 15,60104405,"Germain, st",Sure thing,T06,"Germain, st",Z1044,Car CD 15
60104406 Dread flimstone - From the ghetto.m4a,m4a,Z 1044 Car cd 15,60104406,Dread flimstone,From the ghetto (& the modern tone age family & jah t),T01: 02,Back to love,Z1044,Car CD 15
60104407 Tosca - Gute laune (& tweed).m4a,m4a,Z 1044 Car cd 15,60104407,Tosca,Gute laune (& tweed),T01: 03,Tosca,Z1044,Car CD 15
60104408 Crazy penis- There's a better place.m4a,m4a,Z 1044 Car cd 15,60104408,Crazy penis,There's a better place,T10,"Suite royale, st moritz vibes 2",Z1044,Car CD 15
60104409 Sabres of paradise - Wilmot's last skank.m4a,m4a,Z 1044 Car cd 15,60104409,Sabres of paradise,Wilmot's last skank,T02: 08,"Dusk at byron bay, sharif galal",Z1044,Car CD 15
"60104410 Malik, peter - Strange transmissions (norah jones).m4a",m4a,Z 1044 Car cd 15,60104410,"Malik, peter",Strange transmissions (norah jones),T02: 03,Disco kandi,Z1044,Car CD 15
"60104412 Mac, steve - Loving you more.m4a",m4a,Z 1044 Car cd 15,60104412,Steve mac,Loving you more (& vs mosquito & steve smith),T01: 14,"MOS annual 2006, the",Z1044,Car CD 15
"60104413 Stanfield, lisa - Big thing (& blue zone) (1st 4.40 m s).m4a",m4a,Z 1044 Car cd 15,60104413,"Deluxe, tim",Let's talk more action,T01: 05,Absolute,Z1044,Car CD 15
"60104602 Mantronik, kurtis - How did you know (& chamonix).m4a",m4a,Z 1046 car cd 16,60104602,"Mantronik, kurtis",How did you know (& chamonix),T01: 10,Absolute,Z1046,Car CD 16
60104603 Roc project - Never (& tina arena).m4a,m4a,Z 1046 car cd 16,60104603,Roc project,Never (& tina arena),T02: 07,Absolute,Z1046,Car CD 16
60104607 Saturated soul & miss bunty - Got to release.m4a,m4a,Z 1046 car cd 16,60104607,Saturated soul & miss bunty,Got to release,T01: 06,Disco kandi,Z1046,Car CD 16
"60104608 Sawhney, nitin - Lately.m4a",m4a,Z 1046 car cd 16,60104608,"Sawhney, nitin",Lately,T01: 08,"Sawhney, nitin",Z1046,Car CD 16
60104609 Aztech sol - Tropicasa.m4a,m4a,Z 1046 car cd 16,60104609,Aztech sol,Tropicasa,T02: 10,"Nu york nite life, joeski & onionz",Z1046,Car CD 16
"60104610 Jerk house connection, dj boo presents - Mother blues.m4a",m4a,Z 1046 car cd 16,60104610,"Jerk house connection, dj boo presents",Mother blues,T02: 04,Buddha bar 8,Z1046,Car CD 16
"60104613 Rockit, dr - Cafe de flore (charles webster mix).m4a",m4a,Z 1046 car cd 16,60104613,"Rockit, dr",Cafe de flore (charles webster mix),T11,Hotel costes 4,Z1046,Car CD 16
60104701 Afro dub - Hidden id.m4a,m4a,Z 1047 car cd 17,60104701,Afro dub,Hidden id,T01: 11,"Buddha bar 2, spirit of, siddharta",Z1047,Car CD 17
60104702 Supervielle - Perfume.m4a,m4a,Z 1047 car cd 17,60104702,Supervielle,Perfume,T02: 06,Buddha bar 7,Z1047,Car CD 17
60104704 Disco montego - Beautiful.m4a,m4a,Z 1047 car cd 17,60104704,Disco montego,Beautiful,T02: 02,"MOS chillout sessions 3, the",Z1047,Car CD 17
"60104707 Levin, georg & clara hill - I got somebody new.m4a",m4a,Z 1047 car cd 17,60104707,"Levin, georg & clara hill",I got somebody new,T02: 14,"Sonar kollektiv, 10 years, who cares",Z1047,Car CD 17
60104708 Aya - Sean.m4a,m4a,Z 1047 car cd 17,60104708,Aya,Sean,T02: 01,Beach house,Z1047,Car CD 17
60104711 Soul searcher - Feeling love.m4a,m4a,Z 1047 car cd 17,60104711,Soul searcher,Feeling love,T03: 13,"Mix summer 2006, the",Z1047,Car CD 17
60104712 Unknown - It's never enough.m4a,m4a,Z 1047 car cd 17,60104712,Unknown,It's never enough,T03,"Unknown, orange cd",Z1047,Car CD 17
60104713 Stonebridge - Pull em high (& therese).m4a,m4a,Z 1047 car cd 17,60104713,Stonebridge,Pull em high (& therese),T01: 05,Hed kandi world series 3,Z1047,Car CD 17
60104714 Stonebridge - Clorophilla (& isabel frustuoso).m4a,m4a,Z 1047 car cd 17,60104714,Stonebridge,Clorophilla (& isabel frustuoso),T01: 08,Hed kandi world series 3,Z1047,Car CD 17
60104715 Dajae - Brighter days.m4a,m4a,Z 1047 car cd 17,60104715,Dajae,Brighter days,T03: 14,"Mix summer 2006, the",Z1047,Car CD 17
"60104716 Bucketheads, the - Got myself together (ep).m4a",m4a,Z 1047 car cd 17,60104716,"Bucketheads, the",Got myself together (ep),T03,"Bucketheads, the",Z1047,Car CD 17
60104801 Friendly fires - Friendly fires (T10) (03-50).m4a,m4a,Z 1048 car cd 18,60104801,Friendly fires,Exlover,T10,Friendly fires,Z1048,Car CD 18
60104802 Soul central & billie - In10city.m4a,m4a,Z 1048 car cd 18,60104802,Soul central & billie,In10city,T02: 02,Urban house,Z1048,Car CD 18
"60104803 Staple sisters, the - I'll take you there.m4a",m4a,Z 1048 car cd 18,60104803,"Staple sisters, the",I'll take you there,T02: 16,"Stax, 50th anniversary celebration",Z1048,Car CD 18
60104804 Slowspeme - Granada.m4a,m4a,Z 1048 car cd 18,60104804,Slowspeme,Granada,T06,Hotel costes 4,Z1048,Car CD 18
60104805 Roachford - River of love.m4a,m4a,Z 1048 car cd 18,60104805,Roachford,River of love,T02: 10,Beach house,Z1048,Car CD 18
"60104806 Sinclair, bob - World hold on (& steve edwards).m4a",m4a,Z 1048 car cd 18,60104806,"Sinclair, bob",World hold on (& steve edwards),T01: 02,"Mix summer 2006, the",Z1048,Car CD 18
60104807 Love tattoo - History of disco pt 2.m4a,m4a,Z 1048 car cd 18,60104807,Love tattoo,History of disco pt 2,T01: 01,"Tong, pete, essential selection",Z1048,Car CD 18
"60104808 Head, larry & mr white - Sun can't compare, the.m4a",m4a,Z 1048 car cd 18,60104808,"Head, larry & mr white","Sun can't compare, the",T02: 16,"Layo & bushwacka, global underground 33, rio",Z1048,Car CD 18
"60104809 Robertson, dave & jon gurd - Rendition, the.m4a",m4a,Z 1048 car cd 18,60104809,"Robertson, dave & jon gurd","Rendition, the",T02: 08,"Miami 2006, azuli presents",Z1048,Car CD 18
60104810 Massive attack - Safe from harm.m4a,m4a,Z 1048 car cd 18,60104810,Massive attack,Safe from harm,T01,Massive attack,Z1048,Car CD 18
60104811 Bongoloverz & ursula cuesta - La esperanza.m4a,m4a,Z 1048 car cd 18,60104811,Bongoloverz & ursula cuesta,La esperanza,T02: 08,Buddha bar 8,Z1048,Car CD 18
60104812 Till west & dj delicious - Same man.m4a,m4a,Z 1048 car cd 18,60104812,Till west & dj delicious,Same man,T01: 06,"Fanciulli, nic, 2, renaissance presents",Z1048,Car CD 18
60104813 Unknown - I feel love.m4a,m4a,Z 1048 car cd 18,60104813,Unknown,I feel love,T02,"Unknown, orange cd",Z1048,Car CD 18
60104814 Soul boy - Harmonica track.m4a,m4a,Z 1048 car cd 18,60104814,Soul boy,Harmonica track,T01: 25,"Layo & bushwacka, global underground 33, rio",Z1048,Car CD 18
"60104815 Enochson, markus - For you to see.m4a",m4a,Z 1048 car cd 18,60104815,"Enochson, markus",For you to see,T02: 08,"Sonar kollektiv, 10 years, who cares",Z1048,Car CD 18
"60104901 Connected, 15 years of garage city - V - 01-01 (05-24).m4a",m4a,Z 1049 car cd 19,60104901,Sandy b,Feel like singing,T01: 01,"Connected, 15 years of garage city",Z1049,Car CD 19
60104902 Colette - Didn't mean to turn you on.m4a,m4a,Z 1049 car cd 19,60104902,Colette,Didn't mean to turn you on,T01: 04,"Miami 2006, azuli presents",Z1049,Car CD 19
"60104903 James, david - Permanent state always, a.m4a",m4a,Z 1049 car cd 19,60104903,"James, david","Permanent state, a",T01: 10,"Faith 1, house classics past & present, terry farley & bill brewster",Z1049,Car CD 19
"60104905 Connected, 15 years of garage city - V - 01-02 (02-33).m4a",m4a,Z 1049 car cd 19,60104905,"Rush, donell",Symphony,T01: 02,"Connected, 15 years of garage city",Z1049,Car CD 19
"60104907 Dj Gregory, fayacombo sessions mixed by - V - 02-07 (05-52).m4a",m4a,Z 1049 car cd 19,60104907,Unknown,Unknown,,Unknown,Z1049carcd19,Z 1049 car cd 19
"60104911 Lust, jeoy negro, a personal collection by - V - 01-03 (03-58).m4a",m4a,Z 1049 car cd 19,60104911,Plantive,Luv me till it hurts,T01: 03,"Lust, jeoy negro, a personal collection by",Z1049,Car CD 19
"60104912 Connected, 15 years of garage city - V - 03-07 (08-56).m4a",m4a,Z 1049 car cd 19,60104912,"Hall, ron","Way you love me, the (& the muthafunkaz & marc evans)",T03: 07,"Connected, 15 years of garage city",Z1049,Car CD 19
"60104913 Lust, jeoy negro, a personal collection by - V - 02-05 (4-15).m4a",m4a,Z 1049 car cd 19,60104913,Nova fronteira,Vox humana,T02: 05,"Lust, jeoy negro, a personal collection by",Z1049,Car CD 19
"60105002 Dj Gregory, fayacombo sessions mixed by - V - 02-03 (08-19).m4a",m4a,Z 1050 car cd 20,60105002,Dj gregory,Don't know,T02: 03,"Dj gregory, fayacombo sessions mixed by",Z1050,Car CD 20
"60105003 Resouled, jayj - V - 09 (05-36).m4a",m4a,Z 1050 car cd 20,60105003,Random soul,Key to soul,T09,"Resouled, jayj",Z1050,Car CD 20
60105004 MOS chillout sessions 11 - V - 02-08 (03-27).m4a,m4a,Z 1050 car cd 20,60105004,40 thieves,Don't turn it off (& qzen),T02: 08,MOS chillout sessions 11,Z1050,Car CD 20
"60105005 Connected, 15 years of garage city - V - 02-13 (05-48).m4a",m4a,Z 1050 car cd 20,60105005,Wookie,Live on (& iain),T02: 13,"Connected, 15 years of garage city",Z1050,Car CD 20
60105006 Sounds of om 6 - V - 12 (03-46).m4a,m4a,Z 1050 car cd 20,60105006,Blaze,Lovely day,T12,Sounds of om 6,Z1050,Car CD 20
60105007 Miami underground - V - 02-06 (11-24).m4a,m4a,Z 1050 car cd 20,60105007,Datar,B,T02: 06,Miami underground,Z1050,Car CD 20
"60105008 Romero, harry choo choo - That beat -03 (05-15).m4a",m4a,Z 1050 car cd 20,60105008,"Romero, harry choo choo",I go back (& robert owens),T03,"Romero, harry choo choo",Z1050,Car CD 20
"60105009 Resouled, jayj - V - 03 (05-19).m4a",m4a,Z 1050 car cd 20,60105009,"Michael, justin",Funky love (& jackie wilson),T03,"Resouled, jayj",Z1050,Car CD 20
60105010 Buddha bar 12 - V (T02-03) (02-58).m4a,m4a,Z 1050 car cd 20,60105010,Sis n jones,Jami (& isak),T02: 03,Buddha bar 12,Z1050,Car CD 20
60105011 Rasamello 3 - V (T12) (04-41).m4a,m4a,Z 1050 car cd 20,60105011,Slow train soul,Naturally,T12,Rasamello 3,Z1050,Car CD 20
"60105012 Om 10, a decade of future music - V (T01-08) (06-08).m4a",m4a,Z 1050 car cd 20,60105012,Iz,Magnificent (& diz),T01: 08,"Om 10, a decade of future music",Z1050,Car CD 20
60105013 Midnight juggernauts - Dystopia (T01-04) (04-15).m4a,m4a,Z 1050 car cd 20,60105013,Midnight juggernauts,Shadows,T01: 04,Midnight juggernauts,Z1050,Car CD 20
"60105014 Buddha bar 3, spirit of, siddharta - V (T01-15) (05-13).m4a",m4a,Z 1050 car cd 20,60105014,Filur,You & I,T01: 15,"Buddha bar 3, spirit of, siddharta",Z1050,Car CD 20
60105101 Friendly fires - Friendly fires (T03) (03-49).m4a,m4a,Z 1051 car cd 21,60105101,Friendly fires,Paris,T03,Friendly fires,Z1051,Car CD 21
60105102 Hotel costes 14 - V (T16) (06-14).m4a,m4a,Z 1051 car cd 21,60105102,Quarion,I found you on facebook,T16,Hotel costes 14,Z1051,Car CD 21
"60105103 Knuckles, frankie  - Motivation too (T09) (04-56).m4a",m4a,Z 1051 car cd 21,60105103,"Vegas, timmy",Timmy's choir (& twinkie clark),T09,"Knuckles, frankie",Z1051,Car CD 21
60105104 Future music festival 2007 - V (T02-03) (04-16).m4a,m4a,Z 1051 car cd 21,60105104,"Daniels, mischa",Take me higher,T02: 03,Future music festival 2007,Z1051,Car CD 21
"60105105 Knuckles, frankie  - Motivation too (T10) (05-43).m4a",m4a,Z 1051 car cd 21,60105105,"Mitchell, vernessa","Took my life, turn it all around",T10,"Knuckles, frankie",Z1051,Car CD 21
"60105106 Humphries, tony, moments in house - V (T01-06) (04-41).m4a",m4a,Z 1051 car cd 21,60105106,"Layton, lindy",We got the love,T01: 06,"Humphries, tony, moments in house",Z1051,Car CD 21
60105107 Serve chilled 1 - V (T02-03) (07-09).m4a,m4a,Z 1051 car cd 21,60105107,Track n field,We was so close,T02: 03,Serve chilled 1,Z1051,Car CD 21
60105108 Serve chilled 1 - V (T02-04) (04-44).m4a,m4a,Z 1051 car cd 21,60105108,Moon & benk,Pimp my style,T02: 04,Serve chilled 1,Z1051,Car CD 21
"60105109 Om 10, a decade of future music - V (T03-09) (specifically get down).m4a",m4a,Z 1051 car cd 21,60105109,"Wyatt, marques",For those who like to get down,T03: 09,"Om 10, a decade of future music",Z1051,Car CD 21
60105110 Strictly rhythm 1 - V (10) (05-51).m4a,m4a,Z 1051 car cd 21,60105110,Sole fusion,We can make it,T10,Strictly rhythm 1,Z1051,Car CD 21
60105111 Best of rave 3 - V (7) (04-36).m4a,m4a,Z 1051 car cd 21,60105111,Groove committee,I need someone,T07,Best of rave 3,Z1051,Car CD 21
60105112 Pulsating rhythms 3 - V (6) (06-25).m4a,m4a,Z 1051 car cd 21,60105112,"Malone, debbie",Running from my love,T06,Pulsating rhythms 3,Z1051,Car CD 21
60105113 Italia - V (3) (06-29).m4a,m4a,Z 1051 car cd 21,60105113,Cappella,Hely on habib,T03,Italia,Z1051,Car CD 21
60105114 Pulsating rhythms 4 - V (10) (05-21).m4a,m4a,Z 1051 car cd 21,60105114,Ground level,Dreams of heaven,T10,Pulsating rhythms 4,Z1051,Car CD 21
60105201 Nervous ny - V (13) (05-39).m4a,m4a,Z 1052 car cd 22,60105201,"Latin kings, the",I want to know,T13,Nervous ny,Z1052,Car CD 22
60105202 Kklass - Universal (8) (04-43).m4a,m4a,Z 1052 car cd 22,60105202,Kklass,What you're missing,T08,Kklass,Z1052,Car CD 22
60105203 Pulsating rhythms 3 - V (5) (06-20).m4a,m4a,Z 1052 car cd 22,60105203,Erire,I just can't give you up,T05,Pulsating rhythms 3,Z1052,Car CD 22
60105204 Trance europe express 2 - V (T01-03) (05-35).m4a,m4a,Z 1052 car cd 22,60105204,Analogical,Camille,T01: 03,Trance europe express 2,Z1052,Car CD 22
60105205 House of handbag - V (T02-05) (05-51).m4a,m4a,Z 1052 car cd 22,60105205,Roach motel,Happy bizzness,T02: 05,House of handbag,Z1052,Car CD 22
60105206 Jam & spoon - Tripomatic fairytales 2001 (T08) (06-03).m4a,m4a,Z 1052 car cd 22,60105206,Jam & spoon,Right in the night,T08,Jam & spoon,Z1052,Car CD 22
60105207 MOS 4  - V (T01-15) (06-45).m4a,m4a,Z 1052 car cd 22,60105207,Love happy,Message of love,T01: 15,MOS 4,Z1052,Car CD 22
60105208 Strictly rhythm 5 - V (T07) (05-43).m4a,m4a,Z 1052 car cd 22,60105208,Morel's grooves,Everybody sing along,T07,Strictly rhythm 5,Z1052,Car CD 22
60105209 Strictly rhythm 2 - V (T01) (06-30).m4a,m4a,Z 1052 car cd 22,60105209,Hardrive,Deep inside,T01,Strictly rhythm 2,Z1052,Car CD 22
60105210 MOS 3  - V (T06) (05-44).m4a,m4a,Z 1052 car cd 22,60105210,Agora,Montayo,T06,MOS 3,Z1052,Car CD 22
60105211 MOS 3  - V (T10) (06-41).m4a,m4a,Z 1052 car cd 22,60105211,Voices,Voices in your mind,T10,MOS 3,Z1052,Car CD 22
60105212 Can your pussy do the dog - V (T06) (04-04).m4a,m4a,Z 1052 car cd 22,60105212,Deep dish,"Dream, the (sharam)",T06,Can your pussy do the dog,Z1052,Car CD 22
60105213 Jam & spoon - Tripomatic fairytales 2001 (T02).m4a,m4a,Z 1052 car cd 22,60105213,Jam & spoon,Odyssey to anyoona,T02,Jam & spoon,Z1052,Car CD 22
60105301 Strictly rhythm 2 - V (T03) (06-15).m4a,m4a,Z 1053 car cd 23,60105301,"Washington, joey",Watching you,T03,Strictly rhythm 2,Z1053,Car CD 23
60105302 MOS 1 - V (T07) (06-20).m4a,m4a,Z 1053 car cd 23,60105302,"New dance republic, the",Take it to the top,T07,MOS 1,Z1053,Car CD 23
60105303 Coldcut  - Philosophy (T05) (04-18).m4a,m4a,Z 1053 car cd 23,60105303,Coldcut,Leaving home,T05,Coldcut,Z1053,Car CD 23
60105304 Strictly rhythm 3 - V (T10) (06-06).m4a,m4a,Z 1053 car cd 23,60105304,Dj pierre,Fall,T10,Strictly rhythm 3,Z1053,Car CD 23
60105305 Strictly rhythm 5 - V (T03) (04-49).m4a,m4a,Z 1053 car cd 23,60105305,Black magic,Freedom,T03,Strictly rhythm 5,Z1053,Car CD 23
60105306 Ffrr silver on black - V (T06) (06-57).m4a,m4a,Z 1053 car cd 23,60105306,"Knuckles, frankie",Tears,T06,Ffrr silver on black,Z1053,Car CD 23
60105307 House of limbo 2 - V (T01) (04-43).m4a,m4a,Z 1053 car cd 23,60105307,Gypsy,Funk de fino,T01,House of limbo 2,Z1053,Car CD 23
60105308 Strictly rhythm 4 - V (T01) (06-24).m4a,m4a,Z 1053 car cd 23,60105308,Loop 7,"Theme, the",T01,Strictly rhythm 4,Z1053,Car CD 23
60105309 MOS 5 - V (T02-08) (06-18).m4a,m4a,Z 1053 car cd 23,60105309,"Fleming, rochelle",Suffer the consequences,T02: 08,MOS 5,Z1053,Car CD 23
60105311 Electribe 101 - Electribal memories (T05) (07-47).m4a,m4a,Z 1053 car cd 23,60105311,Electribe 101,Diamond dove,T05,Electribe 101,Z1053,Car CD 23
60105312 MOS 3  - V (T08) (05-19).m4a,m4a,Z 1053 car cd 23,60105312,"English, kim",Nite life,T08,MOS 3,Z1053,Car CD 23
60105313 Tequila slammers & the JGG - V (T08) (04-53).m4a,m4a,Z 1053 car cd 23,60105313,Eternal,Mind odyssey,T08,Tequila slammers & the jump jump groove generation,Z1053,Car CD 23
60105401.m4a,m4a,Z 1054 car cd 24,60105401,"B, sheila",Spacer,T17,Disco inferno,Z1054,Car CD 24
60105402.m4a,m4a,Z 1054 car cd 24,60105402,Klf,3am eternal / Church of the klf,"T03,04",Klf,Z1054,Car CD 24
60105403.m4a,m4a,Z 1054 car cd 24,60105403,"Cheatham, oliver",Get down saturday night,T02: 05,Grand 12 inches 1,Z1054,Car CD 24
60105404.m4a,m4a,Z 1054 car cd 24,60105404,1 way,You can do it (& al hudson),T04: 03,Grand 12 inches 3,Z1054,Car CD 24
60105405.m4a,m4a,Z 1054 car cd 24,60105405,El debarge,You wear it well (& debarge),T08: 17,"Motown number ones box, the complete",Z1054,Car CD 24
60105406.m4a,m4a,Z 1054 car cd 24,60105406,"Jiani, carol",Hit n run lover,T03: 03,Grand 12 inches 1,Z1054,Car CD 24
60105407.m4a,m4a,Z 1054 car cd 24,60105407,"Buzzard's, dr, original savannah band","Cherchez la femme, se si bon",T06,"Buzzard's, dr, original savannah band",Z1054,Car CD 24
60105408.m4a,m4a,Z 1054 car cd 24,60105408,"Holloway, loleatta",Strong enough,T01,Strong enough,Z1054,Car CD 24
60105409.m4a,m4a,Z 1054 car cd 24,60105409,Daphne,Change,T01: 01,Housetrained,Z1054,Car CD 24
60105411.m4a,m4a,Z 1054 car cd 24,60105411,Friendly fires,Chimes,T10,Friendly fires,Z1054,Car CD 24
60105501 Central energy 2 - V (T08).m4a,m4a,Z 1055 car cd 25,60105501,Tatjana,Santa maria,T08,Central energy 2,Z1055,Car CD 25
60105502 Twisted world - V (T02).m4a,m4a,Z 1055 car cd 25,60105502,Club 69,Always unique,T02,Twisted world,Z1055,Car CD 25
"60105503 MOS annual 2011, the - V (T01-19).m4a",m4a,Z 1055 car cd 25,60105503,"Calliari, marco",We no speak no americano (montreal house mafia mix),T01: 19,"MOS annual 2011, the",Z1055,Car CD 25
60105504 Rasa exotica 2 - V (T05).m4a,m4a,Z 1055 car cd 25,60105504,Masters at work,Work (dj gregory soma work the walk mix),T05,Rasa exotica 2,Z1055,Car CD 25
60105505 Ground level - New moon (T03).m4a,m4a,Z 1055 car cd 25,60105505,Ground level,Pray,T03,Ground level,Z1055,Car CD 25
"60105506 Renaissance, mix collection, the, mandy - V (T01-16).m4a",m4a,Z 1055 car cd 25,60105506,51 days,Paper moon,T01: 16 (& 05-35 on trk 15),"Renaissance, mix collection, the, mandy",Z1055,Car CD 25
60105507 MOS 2  - V (T09).m4a,m4a,Z 1055 car cd 25,60105507,Nu yorican soul,"Nervous track, the",T09,MOS 2,Z1055,Car CD 25
60105508 Speed garage classics - V (T14).m4a,m4a,Z 1055 car cd 25,60105508,Underground distortion,Give ya funk,T14,Speed garage classics,Z1055,Car CD 25
60105509 Friendly Fires - Pala (T02).m4a,m4a,Z 1055 car cd 25,60105509,Friendly fires,Blue cassette,T02,Friendly fires,Z1055,Car CD 25
60105510 Pulsating rhythms 5 - V (T06).m4a,m4a,Z 1055 car cd 25,60105510,Captain hollywood project,More & more,T06,Pulsating rhythms 5,Z1055,Car CD 25
60105511 49er's - 49er's (T07).m4a,m4a,Z 1055 car cd 25,60105511,49er's,Shadow remix,T07,49er's,Z1055,Car CD 25
60105512 Snap - World power (T01).m4a,m4a,Z 1055 car cd 25,60105512,Snap,"Power, the",T01,Snap,Z1055,Car CD 25
60105513 MOS 8  - V (T02-02).m4a,m4a,Z 1055 car cd 25,60105513,Nu yorican soul,It's alright I feel it,T02: 02,MOS 8,Z1055,Car CD 25
60105514 Cafe del mar 6 (seis) - V (T13).m4a,m4a,Z 1055 car cd 25,60105514,Moonrock,Ill street blues,T13,Cafe del mar 6 (seis),Z1055,Car CD 25
60105515 Kiss smooth grooves summer 99 - V (T01-12).m4a,m4a,Z 1055 car cd 25,60105515,"Hick, hinda",Trully,T01: 12,Kiss smooth grooves summer 99,Z1055,Car CD 25
60105601 MOS 8  - V (T01-10).m4a,m4a,Z 1056 car cd 26,60105601,"Campbell, john",Nice & slow,T01: 10,MOS 8,Z1056,Car CD 26
60105602 MOS 8  - V (T02-11).m4a,m4a,Z 1056 car cd 26,60105602,"Bristol, brian",Bet I get you hot,T02: 11,MOS 8,Z1056,Car CD 26
"60105603 Corona - Rhythm of the night, the (T13).m4a",m4a,Z 1056 car cd 26,60105603,Corona,You gotta be movin,T13,Corona,Z1056,Car CD 26
60105604 Twisted world - V (T08).m4a,m4a,Z 1056 car cd 26,60105604,Celeda & the heavy hitters,Messin with my mind,T08,Twisted world,Z1056,Car CD 26
60105605 MOS 7  - V (T02-12).m4a,m4a,Z 1056 car cd 26,60105605,Serial diva,Keep hope alive,T02: 12,MOS 7,Z1056,Car CD 26
"60105606 Racic, robert - V (T01-01).m4a",m4a,Z 1056 car cd 26,60105606,"Austin, patti",Reach,T01: 01,"Racic, robert",Z1056,Car CD 26
60105607 Dancenet 2 - V (T02-01).m4a,m4a,Z 1056 car cd 26,60105607,Boom,Keep pushin (boris dlugosch presents),T02: 01,Dancenet 2,Z1056,Car CD 26
60105608 Garage divas - V (T06).m4a,m4a,Z 1056 car cd 26,60105608,"Bell, norma jean",I'm the baddest bitch,T06,Garage divas,Z1056,Car CD 26
"60105609 Knuckles, frankie - Welcome to the real world (& adeva) (T02).m4a",m4a,Z 1056 car cd 26,60105609,"Knuckles, frankie",Welcome to the real world,T02,"Knuckles, frankie",Z1056,Car CD 26
60105610 Pulsating hits - the best of pulse8 1990-1995 - V (T15).m4a,m4a,Z 1056 car cd 26,60105610,Secret life,I want you,T15,"Pulsating hits, the best of pulse8 1990 to 1995",Z1056,Car CD 26
"60105611 Underground frequencies 2, tuff jam presents - V (T09).m4a",m4a,Z 1056 car cd 26,60105611,"Waters, crystal",Who taught you how,T09,"Underground frequencies 2, tuff jam presents",Z1056,Car CD 26
60105612 Friendly Fires - Pala (T08).m4a,m4a,Z 1056 car cd 26,60105612,Friendly fires,True love,T08,Friendly fires,Z1056,Car CD 26
"60105613 Allkins, stephen - dj superstar - V (T02).m4a",m4a,Z 1056 car cd 26,60105613,Faze action,Samba,T02,"Allkins, stephen, dj superstar",Z1056,Car CD 26
"60105614 Summer breeze, Glasgow underground - V (T04).m4a",m4a,Z 1056 car cd 26,60105614,Neon heights,16 again,T04,"Summer breeze, glasgow underground presents, kevin mckay",Z1056,Car CD 26
60106001 Funkygreendogs - Star (T01).m4a,m4a,Z 1060 car cd 27,60106001,Funkygreendogs,Body,T01,Funkygreendogs,Z1060,Car CD 27
60106002 MOS Sessions 12 - V (T01-09).m4a,m4a,Z 1060 car cd 27,60106002,"Ingram, james",Lean on me,T01: 09,MOS sessions 12,Z1060,Car CD 27
"60106003  Sanchez, roger, release, yourself 4 - V (1-12).m4a",m4a,Z 1060 car cd 27,60106003,3olours,Sonice (& cannus),T01: 12,"Sanchez, roger, release, yourself 4",Z1060,Car CD 27
"60106004 Womack, bobby - Last soul man, the (03).m4a",m4a,Z 1060 car cd 27,60106004,"Womack, bobby",I still love you,T03,"Womack, bobby",Z1060,Car CD 27
60106005 MOS annual 2012 - V (3-06).m4a,m4a,Z 1060 car cd 27,60106005,Lucenzo,Danza kuduro (& feat don omar),T03: 06,MOS annual 2012,Z1060,Car CD 27
60106006 Street fm 1 - V (T02-06).m4a,m4a,Z 1060 car cd 27,60106006,Jamestown,I believe,T02: 06,Street fm 1,Z1060,Car CD 27
60106007 MOS Sessions 12 - V (T01-14).m4a,m4a,Z 1060 car cd 27,60106007,Mysterious people,Fly,T01: 14,MOS sessions 12,Z1060,Car CD 27
"60106008 Speed garage, this is - V (1-01).m4a",m4a,Z 1060 car cd 27,60106008,"Gaines, rosie",Closer than close (tuff jams unda vybe mix),T01: 01,"Speed garage, this is",Z1060,Car CD 27
60106009 Singapore tribal - V (T11).m4a,m4a,Z 1060 car cd 27,60106009,C & m productions,"Vision, the",T11,Singapore tribal,Z1060,Car CD 27
60106010 MOS Late night sessions 2 - xpress2 - V (T01-12).m4a,m4a,Z 1060 car cd 27,60106010,Deep south,Lemon puff,T01: 12,"MOS late night sessions 2, xpress2",Z1060,Car CD 27
60106011 Hotel costes 9 - V (08).m4a,m4a,Z 1060 car cd 27,60106011,"Stelar, parov",Kiss me twice,T08,Hotel costes 9,Z1060,Car CD 27
"60106012 Buddha bar 5, spirit of, siddharta Budapest - V (10).m4a",m4a,Z 1060 car cd 27,60106012,Blank & jones,Where you belong (poolside house mix),T10,"Buddha bar 5, spirit of, siddharta budapest",Z1060,Car CD 27
60106013 Real ibiza 5 - V (2-04).m4a,m4a,Z 1060 car cd 27,60106013,Badmarsh & shri,Day by day (axus rerub),T02: 04,Real ibiza 5,Z1060,Car CD 27
60106014 Real ibiza 5 - V (1-03).m4a,m4a,Z 1060 car cd 27,60106014,Nemo,Darkest day,T01: 03,Real ibiza 5,Z1060,Car CD 27
60106015 Real ibiza 5 - V (1-10).m4a,m4a,Z 1060 car cd 27,60106015,Dubtribe sound system,Do it now (ibizarre mix),T01: 10,Real ibiza 5,Z1060,Car CD 27
60106101 Grand 12 inches 4 - V (2-09).m4a,m4a,Z 1061 car cd 28,60106101,"Jacksons, the",Walk right now,T02: 09,Grand 12 inches 4,Z1061,Car CD 28
60106102 Grand 12 inches 2 - V (2-10).m4a,m4a,Z 1061 car cd 28,60106102,"Limit, the",Say yeah,T02: 10,Grand 12 inches 2,Z1061,Car CD 28
60106103 Grand 12 inches 4 - V (1-08).m4a,m4a,Z 1061 car cd 28,60106103,Sister sledge,He's the greatest dancer (extended),T01: 08,Grand 12 inches 4,Z1061,Car CD 28
60106104 Dance classics 21 & 22 - V (2-09).m4a,m4a,Z 1061 car cd 28,60106104,Haywoode,Getting closer,T02: 09,Dance classics 21 & 22,Z1061,Car CD 28
"60106105 Mazelle, kym - Was that all it was (single) (02).m4a",m4a,Z 1061 car cd 28,60106105,"Mazelle, kym",Was that all it was (def mix),T02,"Mazelle, kym",Z1061,Car CD 28
"60106106-Fingers, mr - Introduction (10).m4a",m4a,Z 1061 car cd 28,60106106,"Fingers, mr",What about this love (6:37),T10,"Fingers, mr",Z1061,Car CD 28
60106107 Dance classics 21 & 22 - V (1-08).m4a,m4a,Z 1061 car cd 28,60106107,Nuance,Loveride,T01: 08,Dance classics 21 & 22,Z1061,Car CD 28
60106108 Dance classics 21 & 22 - V (2-02).m4a,m4a,Z 1061 car cd 28,60106108,Colonel abrams,How soon we forget,T02: 02,Dance classics 21 & 22,Z1061,Car CD 28
60106109 Grand 12 inches 2 - V (3-08).m4a,m4a,Z 1061 car cd 28,60106109,Manhattan transfer,Twilight zoner,T03: 08,Grand 12 inches 2,Z1061,Car CD 28
60068902.m4a,m4a,ZZ 0689 dnc 317 - Supermodified dance 01,60068902,"Jackson, michael",In the closet (club mix),T02,"Jackson, michael",ZZ0689,dnc 317 - Supermodified dance 01
60068904.m4a,m4a,ZZ 0689 dnc 317 - Supermodified dance 01,60068904,"Michael, george",Flawless (shapeshifter remix),T02,"Michael, george",ZZ0689,dnc 317 - Supermodified dance 01
60068905.m4a,m4a,ZZ 0689 dnc 317 - Supermodified dance 01,60068905,Phuture,Rise from your grave (remix),T04,"Order to dance 4, in",ZZ0689,dnc 317 - Supermodified dance 01
60068906.m4a,m4a,ZZ 0689 dnc 317 - Supermodified dance 01,60068906,Quench,Dreams (deluxe 12' edit),T11,Quench,ZZ0689,dnc 317 - Supermodified dance 01
60068907.m4a,m4a,ZZ 0689 dnc 317 - Supermodified dance 01,60068907,Orbital,Oolaa,T03,Orbital,ZZ0689,dnc 317 - Supermodified dance 01
60068908.m4a,m4a,ZZ 0689 dnc 317 - Supermodified dance 01,60068908,Ashtrax,Digital reason,T04,Y3k soundtrack to the future,ZZ0689,dnc 317 - Supermodified dance 01
60068909.m4a,m4a,ZZ 0689 dnc 317 - Supermodified dance 01,60068909,Sabres of paradise,Still fighting,T04,Sabres of paradise,ZZ0689,dnc 317 - Supermodified dance 01
60068910.m4a,m4a,ZZ 0689 dnc 317 - Supermodified dance 01,60068910,Tricky,You don't,T10,Tricky,ZZ0689,dnc 317 - Supermodified dance 01
60068911.m4a,m4a,ZZ 0689 dnc 317 - Supermodified dance 01,60068911,"Clail, gary",Hard left (& tackhead),T01: 13,"15 years in an open boat, a history of onu sound",ZZ0689,dnc 317 - Supermodified dance 01
60068912.m4a,m4a,ZZ 0689 dnc 317 - Supermodified dance 01,60068912,Cabaret voltaire,Crackdown,T09,Cabaret voltaire,ZZ0689,dnc 317 - Supermodified dance 01
60068913.m4a,m4a,ZZ 0689 dnc 317 - Supermodified dance 01,60068913,Psychic tv,Stick insect,T11,Psychic tv,ZZ0689,dnc 317 - Supermodified dance 01
60069001 MOS Headliners 02 - V (T01-01).m4a,m4a,ZZ 0690 dnc 318 - Supermodified dance 02,60069001,Jakatta,American dream,T01: 01,MOS headliners 02,ZZ0690,dnc 318 - Supermodified dance 02
60069002.m4a,m4a,ZZ 0690 dnc 318 - Supermodified dance 02,60069002,Layers of sound & the demetrios project,Mission,T01: 02,MOS housexy international,ZZ0690,dnc 318 - Supermodified dance 02
60069005 Funky deep n tribal - V (T02).m4a,m4a,ZZ 0690 dnc 318 - Supermodified dance 02,60069005,Distance,Innocence,T02,Funky deep n tribal,ZZ0690,dnc 318 - Supermodified dance 02
60069006 Plastic avengers - Space graffiti (T04).m4a,m4a,ZZ 0690 dnc 318 - Supermodified dance 02,60069006,Plastic avengers,If you wanna be (& gay sutherland),T04,Plastic avengers,ZZ0690,dnc 318 - Supermodified dance 02
60069007 Y3k soundtrack to the future - V (T10).m4a,m4a,ZZ 0690 dnc 318 - Supermodified dance 02,60069007,Lexilove,I see you,T10,Y3k soundtrack to the future,ZZ0690,dnc 318 - Supermodified dance 02
60069008 MOS Dance nation 6 - V (T02-07).m4a,m4a,ZZ 0690 dnc 318 - Supermodified dance 02,60069008,"Brown, kathy",Joy,T02: 07,MOS dance nation 6,ZZ0690,dnc 318 - Supermodified dance 02
60069009 Deeper - V (T02-11).m4a,m4a,ZZ 0690 dnc 318 - Supermodified dance 02,60069009,Funkygreendogs,Fired up (club 69 future mix),T02: 11,Deeper,ZZ0690,dnc 318 - Supermodified dance 02
60069010 Trancemaster 19 - V (T02-02).m4a,m4a,ZZ 0690 dnc 318 - Supermodified dance 02,60069010,Du monde,Tomorrow,T02: 02,Trancemaster 19,ZZ0690,dnc 318 - Supermodified dance 02
60069011.m4a,m4a,ZZ 0690 dnc 318 - Supermodified dance 02,60069011,Pig,Blades,T03: 06,Goth industrial club anthems,ZZ0690,dnc 318 - Supermodified dance 02
60069101.m4a,m4a,ZZ 0691 dnc 319 - Supermodified dance 03,60069101,Love roc vs karmen ellis,18 again,T03,"Summer breeze, glasgow underground presents, kevin mckay",ZZ0691,dnc 319 - Supermodified dance 03
"60069102 Vital progressive house - V (T08,09,10) (FIRST 7 MINS).m4a",m4a,ZZ 0691 dnc 319 - Supermodified dance 03,60069102,Ritmo / Redanka / Starecase,G13 / No frills / Hopeless (1st 7 mins),"T08,09,10","Vital progressive house, declan lee",ZZ0691,dnc 319 - Supermodified dance 03
60069103 Rae & Christian - Northern sulphuric soul (T01).m4a,m4a,ZZ 0691 dnc 319 - Supermodified dance 03,60069103,Rae & christian,Divine sounds,T01,Rae & christian,ZZ0691,dnc 319 - Supermodified dance 03
60069104 Coldcut - Let us play (T02).m4a,m4a,ZZ 0691 dnc 319 - Supermodified dance 03,60069104,Coldcut,Atomic moog 2000,T02,Coldcut,ZZ0691,dnc 319 - Supermodified dance 03
60069105 Funky deep n tribal - V (T01).m4a,m4a,ZZ 0691 dnc 319 - Supermodified dance 03,60069105,Loudeast,Lights off,T01,Funky deep n tribal,ZZ0691,dnc 319 - Supermodified dance 03
60069106 Reactivate 17 - V (T02-03).m4a,m4a,ZZ 0691 dnc 319 - Supermodified dance 03,60069106,Antarctica,Adrift,T02: 03,Reactivate 17,ZZ0691,dnc 319 - Supermodified dance 03
60069107 Trance pioneers 2 - V (T02-06).m4a,m4a,ZZ 0691 dnc 319 - Supermodified dance 03,60069107,Aura,White boy,T02: 06,Trance pioneers 2,ZZ0691,dnc 319 - Supermodified dance 03
60069108 Reactivate 16 - V (T01-08).m4a,m4a,ZZ 0691 dnc 319 - Supermodified dance 03,60069108,"Flemming, john oo",Lost in emotion,T01: 08,Reactivate 16,ZZ0691,dnc 319 - Supermodified dance 03
"60069109 Front 242 - 05-22-09-12 off (T08) (CRUSHED, better).m4a",m4a,ZZ 0691 dnc 319 - Supermodified dance 03,60069109,Front 242,Offend,T08,Front 242,ZZ0691,dnc 319 - Supermodified dance 03
60069110 Tones on tail - Night music (T01).m4a,m4a,ZZ 0691 dnc 319 - Supermodified dance 03,60069110,Tones on tail,War,T01,Tones on tail,ZZ0691,dnc 319 - Supermodified dance 03
60069201 Future pilot aka  - vs a galaxy of sound - V (T01-02).m4a,m4a,ZZ 0692 drm 140 - Superchilled 14,60069201,Future pilot aka,Pink city (& bill wells),T01: 02,"Future pilot aka, vs a galaxy of sound",ZZ0692,drm 140 - Superchilled 14
60069202 Faithless - back to mine - V (T06).m4a,m4a,ZZ 0692 drm 140 - Superchilled 14,60069202,Bomb the bass,Bug powder dust (k & d tm instrumental),T06,"Faithless, back to mine",ZZ0692,drm 140 - Superchilled 14
60069203 Chillout basscapes - V (T02-11).m4a,m4a,ZZ 0692 drm 140 - Superchilled 14,60069203,Dub mix convention,World cup,T02: 11,Chillout basscapes,ZZ0692,drm 140 - Superchilled 14
60069204 Evolutionary vibes 3 -V (T11).m4a,m4a,ZZ 0692 drm 140 - Superchilled 14,60069204,Solid state,56k,T11,"Evolutionary vibes 3, the evolution will not be televised",ZZ0692,drm 140 - Superchilled 14
60069206 Jungle jazz 1 - V (T03).m4a,m4a,ZZ 0692 drm 140 - Superchilled 14,60069206,"L, johnny",This time,T03,Jungle jazz 1,ZZ0692,drm 140 - Superchilled 14
60069208 Deeper - V (T01-08).m4a,m4a,ZZ 0692 drm 140 - Superchilled 14,60069208,Limos,"Night goes on, the",T01: 08,Deeper,ZZ0692,drm 140 - Superchilled 14
"60069209 Cole, mj - Sincere (T02).m4a",m4a,ZZ 0692 drm 140 - Superchilled 14,60069209,"Cole, mj",Tired games,T02,"Cole, mj",ZZ0692,drm 140 - Superchilled 14
"60069210 Central heating 1,2 - V (T01-08).m4a",m4a,ZZ 0692 drm 140 - Superchilled 14,60069210,Only child,Rain,T01: 08,Central heating 1,ZZ0692,drm 140 - Superchilled 14
60069211 Cafe del mar 7 (siete) - V (T10).m4a,m4a,ZZ 0692 drm 140 - Superchilled 14,60069211,Bent,Swollen,T10,Cafe del mar 7 (siete),ZZ0692,drm 140 - Superchilled 14
60069213.m4a,m4a,ZZ 0692 drm 140 - Superchilled 14,60069213,Mercury rev,Chasing a bee,T01: 01,Mercury rev,ZZ0692,drm 140 - Superchilled 14
"60077701 Balance 007, chris fortier - V (3-09).m4a",m4a,ZZ 0777 - deep house 01,60077701,Fraud star,Work that,T03: 09,"Balance 007, chris fortier",ZZ0777,- deep house 01
60077702 Balance 009 - V  (1-03).m4a,m4a,ZZ 0777 - deep house 01,60077702,"Richards, eddie","M, baby",T01: 03,Balance 009,ZZ0777,- deep house 01
60077703 Balance 008 - V (1-08).m4a,m4a,ZZ 0777 - deep house 01,60077703,"Clement, mark","Tunnel, the",T01: 08,Balance 008,ZZ0777,- deep house 01
"60077704 Mandy, 12 great remixes for 11 great artists - V (09).m4a",m4a,ZZ 0777 - deep house 01,60077704,Sugarbabes,Round round (mandy mix),T09,"Mandy, 12 great remixes for 11 great artists",ZZ0777,- deep house 01
"60077705 Sanchez, roger, release, yourself 4 - V (1-10).m4a",m4a,ZZ 0777 - deep house 01,60077705,Cube guys,Te quiero,T01: 10,"Sanchez, roger, release, yourself 4",ZZ0777,- deep house 01
"60077706 Balance 015, will saul - V (T03-16).m4a",m4a,ZZ 0777 - deep house 01,60077706,"Saul, will",Teddy's back (& tam cooper),T03: 16,"Balance 015, will saul",ZZ0777,- deep house 01
"60077707 Renaissance, danny howells, mix selection - V (2-06).m4a",m4a,ZZ 0777 - deep house 01,60077707,Sunshine jones,If you wouldn't mind,T02: 06,"Renaissance, danny howells, mix selection",ZZ0777,- deep house 01
"60077708 Balance 015, will saul - V (T03-05).m4a",m4a,ZZ 0777 - deep house 01,60077708,Geiom,Reminissin (& marita),T03: 05,"Balance 015, will saul",ZZ0777,- deep house 01
"60077709 Renaissance, danny howells, mix selection - V (1-12).m4a",m4a,ZZ 0777 - deep house 01,60077709,Azymuth,Space jazz carnival,T01: 12,"Renaissance, danny howells, mix selection",ZZ0777,- deep house 01
"60077710 Balance 015, will saul - V (T02-19).m4a",m4a,ZZ 0777 - deep house 01,60077710,Pangaea,Router,T02: 19,"Balance 015, will saul",ZZ0777,- deep house 01
60077711 Balance 009 - V  (1-13).m4a,m4a,ZZ 0777 - deep house 01,60077711,Timewriter,Lion steps,T01: 13,Balance 009,ZZ0777,- deep house 01
"60077712 Balance 007, chris fortier - V (3-14).m4a",m4a,ZZ 0777 - deep house 01,60077712,"Gilmour, david, girls",Crackhousewarmingparty,T03: 14,"Balance 007, chris fortier",ZZ0777,- deep house 01
60077713 Bedrock 12 by digweed - V (2-04).m4a,m4a,ZZ 0777 - deep house 01,60077713,Quivver,Orgazoid (mix 2 mix),T02: 04,Bedrock 12 by digweed,ZZ0777,- deep house 01
"60091301 6 degrees collection, arabian travels 2 - V (06).m4a",m4a,ZZ 0913 - deep house 02,60091301,"Goze, christophe",Ja vidi,T06,"6 degrees collection, arabian travels 2",ZZ0913,- deep house 02
60091304 New phunk theory - Just a phase (08).m4a,m4a,ZZ 0913 - deep house 02,60091304,New phunk theory,Honey falls,T08,New phunk theory,ZZ0913,- deep house 02
"60091305 Speed garage underground london, tuff & jam - V (03).m4a",m4a,ZZ 0913 - deep house 02,60091305,"Blond, christine",Love shy,T03,"Speed garage underground london, tuff & jam",ZZ0913,- deep house 02
60091307 Grand 12 inches 6 - V (4-07).m4a,m4a,ZZ 0913 - deep house 02,60091307,Vin zee,Funky be bop,T04: 07,Grand 12 inches 6,ZZ0913,- deep house 02
"60091308 Speed garage underground london, tuff & jam - V (08,09,10).m4a",m4a,ZZ 0913 - deep house 02,60091308,Phat kat inc,If you wanna,T10 (60086102 9:06 to end),"Speed garage underground london, tuff & jam",ZZ0913,- deep house 02
"60091310 Moses, teedra - Complex simplicity (02).m4a",m4a,ZZ 0913 - deep house 02,60091310,"Moses, teedra",You'll never find a better woman,T02,"Moses, teedra",ZZ0913,- deep house 02
60091311 Serve chilled 2007 - V (1-14).m4a,m4a,ZZ 0913 - deep house 02,60091311,Cicada,Tricks,T01: 14,Serve chilled 2007,ZZ0913,- deep house 02
60091312 Hotel costes 8 - V (08).m4a,m4a,ZZ 0913 - deep house 02,60091312,"Stelar, parov",Kisskiss,T08,Hotel costes 8,ZZ0913,- deep house 02
"60091313 Rinse 10, marcus nasty - V (16,17,18,19,20).m4a",m4a,ZZ 0913 - deep house 02,60091313,"Moses, teedra",Be your girl (perempay & dee mix),T20 (60086609 10:33 to end),"Rinse 10, marcus nasty",ZZ0913,- deep house 02
60091315 Sounds of om 4 - V (13).m4a,m4a,ZZ 0913 - deep house 02,60091315,Dj fluid,Presence,T13,Sounds of om 4,ZZ0913,- deep house 02
60091402 United nations of future music 1 - V (05).m4a,m4a,ZZ 0914 - deep house 03,60091402,Rithma,Flying over the city,T05,United nations of future music 1,ZZ0914,- deep house 03
60091403 Lv - Routes (& joshua idehen) (01).m4a,m4a,ZZ 0914 - deep house 03,60091403,Lv,I know (& joshua idehen),T01,Lv,ZZ0914,- deep house 03
60091404 Hercules & love affair - Hercules & love affair (03).m4a,m4a,ZZ 0914 - deep house 03,60091404,Hercules & love affair,You belong,T03,Hercules & love affair,ZZ0914,- deep house 03
"60091405 United dj's of america 4, frankie knuckles - V (2-03,04,05).m4a",m4a,ZZ 0914 - deep house 03,60091405,Romanthony,Ministry of love,T02: 03 (60084604 0:00 - 5:30),"United dj's of america 4, frankie knuckles",ZZ0914,- deep house 03
60091407 United nations of future music 1 - V (02).m4a,m4a,ZZ 0914 - deep house 03,60091407,Fred everything,Howdy (& vs banzai republic),T02,United nations of future music 1,ZZ0914,- deep house 03
"60091409 Balance 011 - V (1-04,05,06,07,08).m4a",m4a,ZZ 0914 - deep house 03,60091409,Hypnos,Red light,T01: 05 (60085503A 5:15 - 10:15),Balance 011,ZZ0914,- deep house 03
"60091410 Body language 01, by mandy - V (15,16).m4a",m4a,ZZ 0914 - deep house 03,60091410,Willzoid,Picadilly circuits,T15 (60083509 0:00 -2:57),"Body language 01, by mandy",ZZ0914,- deep house 03
60091411 Lcd soundsystem - This is happening (03).m4a,m4a,ZZ 0914 - deep house 03,60091411,Lcd soundsystem,1 touch,T03,Lcd soundsystem,ZZ0914,- deep house 03
"60091413 Balance 001 - V (1-08,09,10).m4a",m4a,ZZ 0914 - deep house 03,60091413,Luzon,"Baguio track, the",T01: 10 (60084406 15:11 to end),Balance 001,ZZ0914,- deep house 03
"60091501 Big chill 2, enchanted - V (T02-09) (07-47).m4a",m4a,ZZ 0915 Def 189 GC to CC faves 1,60091501,"Hawkshaw, kirsty",Sanctuary,T02: 09,"Big chill 2, enchanted",ZZ0915,Def 189 GC to CC faves 1
"60091502 Clail, gary - Emotional hooligan (9) (05-29).m4a",m4a,ZZ 0915 Def 189 GC to CC faves 1,60091502,"Clail, gary",Beef,T09,"Clail, gary",ZZ0915,Def 189 GC to CC faves 1
"60091506 King, evelyn champagne - Slowdown.m4a",m4a,ZZ 0915 Def 189 GC to CC faves 1,60091506,"King, evelyn champagne",Slowdown,T02: 01,"King, evelyn champagne",ZZ0915,Def 189 GC to CC faves 1
"60091508 Royksopp - 49 pc (R - Understanding, the (T07)).m4a",m4a,ZZ 0915 Def 189 GC to CC faves 1,60091508,Royksopp,What else is there,T07,Royksopp,ZZ0915,Def 189 GC to CC faves 1
60091511 Leftfield - Song of Life.m4a,m4a,ZZ 0915 Def 189 GC to CC faves 1,60091511,Leftfield,Song of life,T01,Trance 2,ZZ0915,Def 189 GC to CC faves 1
60091513 Phew - signal.m4a,m4a,ZZ 0915 Def 189 GC to CC faves 1,60091513,Phew,Signal,T02,Phew,ZZ0915,Def 189 GC to CC faves 1
60104102 28th street crew - O (MOS 3 - 12).m4a,m4a,ZZ 1041 dnc 433 solid pleasure 1 of 3,60104102,28th street crew,O,T01,MOS 3,ZZ1041,dnc 433 solid pleasure 1 of 3
60104106 Fk - Hypnodelic.m4a,m4a,ZZ 1041 dnc 433 solid pleasure 1 of 3,60104106,Fk,Hypnodelic,T02: 02,MOS 6,ZZ1041,dnc 433 solid pleasure 1 of 3
60104110 Roxy music - Angel eyes (06-35).m4a,m4a,ZZ 1041 dnc 433 solid pleasure 1 of 3,60104110,Roxy music,Angel eyes (12 inch),T02,"Ferry, bryan & roxy music",ZZ1041,dnc 433 solid pleasure 1 of 3
"60104111 12” 80s electropop - V (1-10, Heaven 17 - Play to win).m4a",m4a,ZZ 1041 dnc 433 solid pleasure 1 of 3,60104111,Heaven 17,Play to win,T01: 10,12” 80s electropop,ZZ1041,dnc 433 solid pleasure 1 of 3
"60104207 O'Neal, alexander - Criticize, extended remix (07-04).m4a",m4a,ZZ 1042 dnc 434 solid pleasure 2 of 3,60104207,"O'neal, alexander",Criticise (extended remix),T06,"O'neal, alexander",ZZ1042,dnc 434 solid pleasure 2 of 3
"60104209 Retro active 2 - V (T10, Dream Academy - Love parade extended).m4a",m4a,ZZ 1042 dnc 434 solid pleasure 2 of 3,60104209,Dream academy,"Love parade, the (extended)",T10,Retro active 2,ZZ1042,dnc 434 solid pleasure 2 of 3
"60104212 Downing, will - Love supreme, a (12 inch 80s grooves, 3-8).m4a",m4a,ZZ 1042 dnc 434 solid pleasure 2 of 3,60104212,"Downing, will","Love supreme, a",T03: 08,12” 80s grooves,ZZ1042,dnc 434 solid pleasure 2 of 3
"60104213 Metal dance, 80 to 88 vol 1 - V (2-07, Severed heads - Dead eyes opened).m4a",m4a,ZZ 1042 dnc 434 solid pleasure 2 of 3,60104213,Severed heads,Dead eyes opened (6:28),T02: 07,"Metal dance, industrial postpunk rarities 80 to 88 vol 1",ZZ1042,dnc 434 solid pleasure 2 of 3
60105702 Neville brothers - Yellow moon (T06) (06-33).m4a,m4a,ZZ 1057 Best of ambient 1,60105702,Neville brothers,With god on our side,T06,Neville brothers,ZZ1057,Best of ambient 1
60105703 Baraka soundtrack - V (T01) (04-40).m4a,m4a,ZZ 1057 Best of ambient 1,60105703,Baraka,Soundtrack,T01,Baraka soundtrack,ZZ1057,Best of ambient 1
60105704 Chillout or die 2 - V (T02).m4a,m4a,ZZ 1057 Best of ambient 1,60105704,"Hazel, paul",Gene pool,T02: 02,Chillout or die 2,ZZ1057,Best of ambient 1
60105705 Nightmares on wax - Smoker's delight (T02).m4a,m4a,ZZ 1057 Best of ambient 1,60105705,Nightmares on wax,Dread overboard,T02,Nightmares on wax,ZZ1057,Best of ambient 1
60105706 Dj krush - Krush (T11) (05-55).m4a,m4a,ZZ 1057 Best of ambient 1,60105706,Dj krush,Big city lover,T11,Dj krush,ZZ1057,Best of ambient 1
60105707 Massive attack - Protection (T03) (03-45).m4a,m4a,ZZ 1057 Best of ambient 1,60105707,Massive attack,3,T03,Massive attack,ZZ1057,Best of ambient 1
60105708 Voodoo roux - V (T04).m4a,m4a,ZZ 1057 Best of ambient 1,60105708,Trance groove,Paris,T04,Voodoo roux,ZZ1057,Best of ambient 1
60105710 Global communications - 76-14 (T01-04).m4a,m4a,ZZ 1057 Best of ambient 1,60105710,Global communications,0.402083333,T01: 04,Global communications,ZZ1057,Best of ambient 1
"60105712 Srinivas, u & michael brook - Dream (T04) (11-17).m4a",m4a,ZZ 1057 Best of ambient 1,60105712,"Srinivas, u",Dream,T04,"Srinivas, u",ZZ1057,Best of ambient 1
60105802 Law of the jungle - V (T07) (04-59).m4a,m4a,ZZ 1058 Best of dnc 1,60105802,Shy fx,Original gangster (& gunsmoke),T07,Law of the jungle,ZZ1058,Best of dnc 1
60105803 Warp sampler 94 - V (T02) (05-35).m4a,m4a,ZZ 1058 Best of dnc 1,60105803,Rhythm invention,Tokyo,T02,Warp sampler 94,ZZ1058,Best of dnc 1
60105804 C & c music factory - Anything goes (T13) (12-03).m4a,m4a,ZZ 1058 Best of dnc 1,60105804,C & c music factory,Hiphop express,T13,C & c music factory,ZZ1058,Best of dnc 1
"60105805 Transitions 1,  john digweed - V (T08,09) (11-32).m4a",m4a,ZZ 1058 Best of dnc 1,60105805,Rocco / Trick,Roots 4 acid / Easy (& kubic & valeska),"T09,10","Transitions 1, john digweed",ZZ1058,Best of dnc 1
60105806 Malaria - Delirium remixed (T04) (08-02).m4a,m4a,ZZ 1058 Best of dnc 1,60105806,Malaria,You you (& sun electric),T04,Malaria,ZZ1058,Best of dnc 1
60105807 MOS 4  - V (T02-05) (06-43).m4a,m4a,ZZ 1058 Best of dnc 1,60105807,"Tucker, barbara","I get lifted (boyd slam the organ mix, dj mix)",T02: 05,MOS 4,ZZ1058,Best of dnc 1
60105808 Warp sampler 94 - V (T09) (05-07).m4a,m4a,ZZ 1058 Best of dnc 1,60105808,"Beltram, joey",Orion,T09,Warp sampler 94,ZZ1058,Best of dnc 1
60105809 Adrenalin 6 - V (T11) (05-54).m4a,m4a,ZZ 1058 Best of dnc 1,60105809,Headman,Work my mind,T11,Adrenalin 6,ZZ1058,Best of dnc 1
"60105810 Xmix 2 - V (T01of4, 18.30-29.0) (10-03).m4a",m4a,ZZ 1058 Best of dnc 1,60105810,"Xmix 2, trk 1",Unknown,T01 (1 of 4 18.30 - 29.0),Xmix 2,ZZ1058,Best of dnc 1
60105902 C & c music factory - World beat madness (T10) (06-41).m4a,m4a,ZZ 1059 Best of dnc 2,60105902,C & c music factory,Silent lover,T10,C & c music factory,ZZ1059,Best of dnc 2
60105903 Essential mix show - mixed by snap - V (T02-06).m4a,m4a,ZZ 1059 Best of dnc 2,60105903,"Namlook, pete",Darkside of the moog 3 pt 5 (& klaus schutze),T02: 06,"Essential mix show, mixed by snap",ZZ1059,Best of dnc 2
60105904 MOS 1 - V (T09) (08-29).m4a,m4a,ZZ 1059 Best of dnc 2,60105904,Shakespears sister,Black sky,T09,MOS 1,ZZ1059,Best of dnc 2
"60105907 Hardware 3 - V (T02-05,06).m4a",m4a,ZZ 1059 Best of dnc 2,60105907,Castle trancealot,Indoctrinate,T02: 05 (-3.15 – 0. Trk 06- 0 - -4.20),Hardware 3,ZZ1059,Best of dnc 2
60105910 Galaxie 1 - V (T05) (05-40).m4a,m4a,ZZ 1059 Best of dnc 2,60105910,Paradise 3001,Sunspots,T05,Galaxie 1,ZZ1059,Best of dnc 2
60105911 Trancecentral 5 - V (T02-02).m4a,m4a,ZZ 1059 Best of dnc 2,60105911,Compassion family,Steady wisdom,T02: 02,Trancecentral 5,ZZ1059,Best of dnc 2
60105912 Reactivate 15 - V (T02-02).m4a,m4a,ZZ 1059 Best of dnc 2,60105912,Transa,Transtar,T02: 02,Reactivate 15,ZZ1059,Best of dnc 2
60106301 Trancemaster 23 - V (T01-10).m4a,m4a,ZZ 1063 Dnc 453 - best of dnc 3,60106301,Dudja,Never tell what you think,T01: 10,Trancemaster 23,ZZ1063,Best of dnc 3
"60106302 Balance 003 - V (2-05,06,07,08) (07,08 ONLY, 05,06 dropped).m4a",m4a,ZZ 1063 Dnc 453 - best of dnc 3,60106302,Little green men / Blackwatch,Need / Gentle rain (& greed),"T02: 07,08 (2-5 1:50 - 2-8 1:20)",Balance 003,ZZ1063,Best of dnc 3
"60106304 Balance 011 - V (2-05,06).m4a",m4a,ZZ 1063 Dnc 453 - best of dnc 3,60106304,Elbee bad,Just don't stop the dance,T01: 23,Get physical 7th anniversary by mandy,ZZ1063,Best of dnc 3
60106304 Get physical 7th anniversary by mandy - V (1-23).m4a,m4a,ZZ 1063 Dnc 453 - best of dnc 3,60106304,Elbee bad,Just don't stop the dance,T01: 23,Get physical 7th anniversary by mandy,ZZ1063,Best of dnc 3
60106306 Balance 013 - V (3-18).m4a,m4a,ZZ 1063 Dnc 453 - best of dnc 3,60106306,Stereo brains,Luna,T03: 18 (& a bit of 17),Balance 013,ZZ1063,Best of dnc 3
"60106307 Balance 014 - V (2-10,11,12) (11 ONLY, 10,12 dropped).m4a",m4a,ZZ 1063 Dnc 453 - best of dnc 3,60106307,Balance 014,T02: 11,T02: 11,Balance 014,ZZ1063,Best of dnc 3
60106309 Magnetic man - Magnetic man (1-05).m4a,m4a,ZZ 1063 Dnc 453 - best of dnc 3,60106309,Magnetic man,"Bug, the",T01: 05,Magnetic man,ZZ1063,Best of dnc 3
"60106401 Hottest 100 15, 2jjj's - V (1-16).m4a",m4a,ZZ 1064 Dnc 454 - best of dnc 4,60106401,Mia,Paper planes,T01: 16,"Hottest 100 15, 2jjj's",ZZ1064,Best of dnc 4
60106402 Yeah yeah yeahs - Mosquito (08).m4a,m4a,ZZ 1064 Dnc 454 - best of dnc 4,60106402,Yeah yeah yeahs,Buried alive (& dr octagon),T08,Yeah yeah yeahs,ZZ1064,Best of dnc 4
"60106403 Watergate 05, ellen alien - V (11,12) (12 ONLY, 11 dropped).m4a",m4a,ZZ 1064 Dnc 454 - best of dnc 4,60106403,Royksopp,This must be it (apparat mix),T12,"Watergate 05, ellen alien",ZZ1064,Best of dnc 4
60106404 Grand 12 inches 4 - V (3-01).m4a,m4a,ZZ 1064 Dnc 454 - best of dnc 4,60106404,Pet shop girls,West end girls (extended),T03: 01,Grand 12 inches 4,ZZ1064,Best of dnc 4
"60106405 Wire - Ideal copy, the (02).m4a",m4a,ZZ 1064 Dnc 454 - best of dnc 4,60106405,Wire,Ahead,T02,Wire,ZZ1064,Best of dnc 4
"60106406 Rock collection, the, rock inferno - V (1-11).m4a",m4a,ZZ 1064 Dnc 454 - best of dnc 4,60106406,Magnum,Rocking chair,T01: 11,"Rock collection, the, rock inferno",ZZ1064,Best of dnc 4
60106407 Arcade fire - Reflektor (1-01).m4a,m4a,ZZ 1064 Dnc 454 - best of dnc 4,60106407,Arcade fire,Reflektor,T01: 01,Arcade fire,ZZ1064,Best of dnc 4
"60106408 The, the - Infected (05).m4a",m4a,ZZ 1064 Dnc 454 - best of dnc 4,60106408,"The, the",Sweet bird of truth,T05,"The, the",ZZ1064,Best of dnc 4
"60106409 Eskimonde, a decade of eskimo recording - V (3-10).m4a",m4a,ZZ 1064 Dnc 454 - best of dnc 4,60106409,"Winner, jean",Alive & kicking (zimmer remix),T03: 10,"Eskimonde, a decade of eskimo recording",ZZ1064,Best of dnc 4
60106410 Banco de gaia - Last train to lhasa (T01-05).m4a,m4a,ZZ 1064 Dnc 454 - best of dnc 4,60106410,Banco de gaia,Kincajou,T01: 05,Banco de gaia,ZZ1064,Best of dnc 4
"60106501 The, the - Infected (01).m4a",m4a,ZZ 1065 Dnc 455 - best of dnc 5,60106501,"The, the",Infected,T01,"The, the",ZZ1065,Best of dnc 5
60106502 Grand 12 inches 4 - V (4-10).m4a,m4a,ZZ 1065 Dnc 455 - best of dnc 5,60106502,Jam & spoon,Follow me (extended),T04: 10,Grand 12 inches 4,ZZ1065,Best of dnc 5
"60106503 Act - Laughter, tears & rage (07).m4a",m4a,ZZ 1065 Dnc 455 - best of dnc 5,60106503,Act,Under the nights of germany,T07,Act,ZZ1065,Best of dnc 5
60106504 Yazz - At her very best & all the greatest hits (19).m4a,m4a,ZZ 1065 Dnc 455 - best of dnc 5,60106504,Yazz,"Only way is up, the (wip remix)",T19,Yazz,ZZ1065,Best of dnc 5
60106505 12” 80s electropop - V (2-09).m4a,m4a,ZZ 1065 Dnc 455 - best of dnc 5,60106505,Break machine,Street dance,T02: 09,12” 80s electropop,ZZ1065,Best of dnc 5
60106506 Dance classics 51 & 52 - V (1-01).m4a,m4a,ZZ 1065 Dnc 455 - best of dnc 5,60106506,Shakatak,Down on the street (6:37),T01: 01,Dance classics 51 & 52,ZZ1065,Best of dnc 5
60106507 Propaganda - Wishful thinking (06).m4a,m4a,ZZ 1065 Dnc 455 - best of dnc 5,60106507,Propaganda,Loved,T06,Propaganda,ZZ1065,Best of dnc 5
"60106508 The, the - Infected (06).m4a",m4a,ZZ 1065 Dnc 455 - best of dnc 5,60106508,"The, the",Slow train to dawn,T06,"The, the",ZZ1065,Best of dnc 5
"60106509 Soul searchers, the  - Go go swing live (& chuck brown) (09,10).m4a",m4a,ZZ 1065 Dnc 455 - best of dnc 5,60106509,"Soul searchers, the",Family affair (& chuck brown) / Take the gogo train (& chuck brown),"T09,10","Soul searchers, the",ZZ1065,Best of dnc 5
60106510 Seduction - Heartbeat (single) (02).m4a,m4a,ZZ 1065 Dnc 455 - best of dnc 5,60106510,Seduction,Heartbeat (c & c club mix),T02,Seduction,ZZ1065,Best of dnc 5
60106511 West 25th classics 1 - V (15).m4a,m4a,ZZ 1065 Dnc 455 - best of dnc 5,60106511,Kool rock jay & the dj slice,It's a black thing (extended mix),T15,West 25th classics 1,ZZ1065,Best of dnc 5
60106701 Chillout basscapes - V (T02-04).m4a,m4a,ZZ 1067 Drm 192 - best of ambient 3,60106701,Biosphere,Startoucher (dub mix),T02: 04,Chillout basscapes,ZZ1067,Best of ambient 3
60106702 Burial - Untrue (08).m4a,m4a,ZZ 1067 Drm 192 - best of ambient 3,60106702,Burial,Untrue,T08,Burial,ZZ1067,Best of ambient 3
"60106703 Roach, steve - Soma (& robert rich) (02).m4a",m4a,ZZ 1067 Drm 192 - best of ambient 3,60106703,"Roach, steve",Nightshade (& robert rich),T02,"Roach, steve",ZZ1067,Best of ambient 3
60106704 He said - Hail (01).m4a,m4a,ZZ 1067 Drm 192 - best of ambient 3,60106704,He said,Pump,T01,He said,ZZ1067,Best of ambient 3
"60106705 Hyperdub, 5 years of - V (2-07).m4a",m4a,ZZ 1067 Drm 192 - best of ambient 3,60106705,Kode9,Ghost town (& the spaceape),T02: 07,"Hyperdub, 5 years of",ZZ1067,Best of ambient 3
60106706 Banco de gaia - Big men cry (T01).m4a,m4a,ZZ 1067 Drm 192 - best of ambient 3,60106706,Banco de gaia,Drippy,T01,Banco de gaia,ZZ1067,Best of ambient 3
60106707 60093703-Jagwar ma - Howlin (1-10).m4a,m4a,ZZ 1067 Drm 192 - best of ambient 3,60106707,Jagwar ma,Did you have to,T01: 10,Jagwar ma,ZZ1067,Best of ambient 3
60106708 He said - Hail (08).m4a,m4a,ZZ 1067 Drm 192 - best of ambient 3,60106708,He said,Do you mean that,T08,He said,ZZ1067,Best of ambient 3
60106709 Burial - Burial  (11).m4a,m4a,ZZ 1067 Drm 192 - best of ambient 3,60106709,Burial,Prayer,T11,Burial,ZZ1067,Best of ambient 3
"60106802 Linder, krister - Songs from the silent years (05).m4a",m4a,ZZ 1068 Drm 193 - best of ambient 4,60106802,"Linder, krister",I love you,T05,"Linder, krister",ZZ1068,Best of ambient 4
60106803 Eco zen - V (2-09).m4a,m4a,ZZ 1068 Drm 193 - best of ambient 4,60106803,Jefferson,Feeling the sun (& sarahjane),T02: 09,Eco zen,ZZ1068,Best of ambient 4
"60106804 Big chill 1, the - V (T02-06).m4a",m4a,ZZ 1068 Drm 193 - best of ambient 4,60106804,Sound,Emerald,T02: 06,"Big chill 1, the",ZZ1068,Best of ambient 4
"60106805 Future sound of london - Isness, the (01).m4a",m4a,ZZ 1068 Drm 193 - best of ambient 4,60106805,Future sound of london,"Lovers, the",T01,Future sound of london,ZZ1068,Best of ambient 4
60106806 Future sound of jazz 2 - V (T02).m4a,m4a,ZZ 1068 Drm 193 - best of ambient 4,60106806,"Gentle people, the",Journey,T02,Future sound of jazz 2,ZZ1068,Best of ambient 4
"60106807 Calm ibiza, pure ibiza chillout - V (12).m4a",m4a,ZZ 1068 Drm 193 - best of ambient 4,60106807,Polished chrome,Outside,T12,"Calm ibiza, pure ibiza chillout",ZZ1068,Best of ambient 4
60106809 Cafe del mar 9 (nueve) - V (09).m4a,m4a,ZZ 1068 Drm 193 - best of ambient 4,60106809,Cdm,Many rivers to cross,T09,Cafe del mar 9 (nueve),ZZ1068,Best of ambient 4
60106810 Serve chilled 59 - V (2-07).m4a,m4a,ZZ 1068 Drm 193 - best of ambient 4,60106810,Fenomenon,Pacific memories,T02: 07,Serve chilled 59,ZZ1068,Best of ambient 4
"60106811 Roach, archie - Definitive collection, the (15).m4a",m4a,ZZ 1068 Drm 193 - best of ambient 4,60106811,"Roach, archie",Small child,T15,"Roach, archie",ZZ1068,Best of ambient 4
60106812 Audio active - We are experienced (07).m4a,m4a,ZZ 1068 Drm 193 - best of ambient 4,60106812,Audio active,Free the majiuana (new mix),T07,Audio active,ZZ1068,Best of ambient 4
60131903.m4a,m4a,ZZ 1319 DNC569 Supermodified dance 06,60131903,"Anderson, jamie",Without sound (& iwain k),T01: 07 (trk 60111409 13:00 - end),Balance 018,ZZ1319,Supermodifed dance 06
60131904.m4a,m4a,ZZ 1319 DNC569 Supermodified dance 06,60131904,"Okev, roy & hakimonu",Changes,T02: 02 (trk 60113604 4:20 - 10:00),Balance 026,ZZ1319,Supermodifed dance 06
60131905.m4a,m4a,ZZ 1319 DNC569 Supermodified dance 06,60131905,Ripperton,Searchin 4 you,T08 (trk 60110905 1:10 - 4:10),"Fabric 76, deetron",ZZ1319,Supermodifed dance 06
60131906.m4a,m4a,ZZ 1319 DNC569 Supermodified dance 06,60131906,"Yellowhead, the",Red light district,T01: 04 (trk 60111002 10:58 - end),Balance 022,ZZ1319,Supermodifed dance 06
60131907.m4a,m4a,ZZ 1319 DNC569 Supermodified dance 06,60131907,Cid inc,Fragile circle,T02: 07,Balance 026,ZZ1319,Supermodifed dance 06
60131908.m4a,m4a,ZZ 1319 DNC569 Supermodified dance 06,60131908,Tiesto,Bright morningstar (andy dugoid mix),T02: 07,Tiesto,ZZ1319,Supermodifed dance 06
60131909.m4a,m4a,ZZ 1319 DNC569 Supermodified dance 06,60131909,Spirit catcher,Sedona,T01: 18 (trk 60111205 0 - 4:53),Balance 022,ZZ1319,Supermodifed dance 06
60131910.m4a,m4a,ZZ 1319 DNC569 Supermodified dance 06,60131910,"Kieran, phil",Prism,T02: 20,Balance 022,ZZ1319,Supermodifed dance 06
60131911.m4a,m4a,ZZ 1319 DNC569 Supermodified dance 06,60131911,"Barfod, tomas",Till we die (& ft nina kinert),T02: 15,Darkbeat 10th anniversary,ZZ1319,Supermodifed dance 06
60131912.m4a,m4a,ZZ 1319 DNC569 Supermodified dance 06,60131912,"Cattaneo, hernan",Imaginarium (& guy mantzur),T02: 14 (trk 60112105 12:40 - 18:50),Balance 026,ZZ1319,Supermodifed dance 06
60131913.m4a,m4a,ZZ 1319 DNC569 Supermodified dance 06,60131913,Jdnmgj,Trezzz,T02: 15,"Digweed, john, live in cordoba",ZZ1319,Supermodifed dance 06
60131914.m4a,m4a,ZZ 1319 DNC569 Supermodified dance 06,60131914,Unknown,Unknown,"T01: 16,17",Unknown,ZZ1319DNC569Supermodifieddance06,ZZ 1319 DNC569 Supermodified dance 06
60132201.m4a,m4a,ZZ 1322 DNC571 Best of dnc 06,60132201,Ry x,Body sun (claptone mix),T01,Ry x,ZZ1322,Best of dnc 06
60132202.m4a,m4a,ZZ 1322 DNC571 Best of dnc 06,60132202,Scott grooves,Expansions (& roy ayers) (joe clausell simplamental mix),T01,Scott grooves,ZZ1322,Best of dnc 06
60132203.m4a,m4a,ZZ 1322 DNC571 Best of dnc 06,60132203,Vintage culture & woo2tech,Fitc,T03,Vintage culture & woo2tech,ZZ1322,Best of dnc 06
60132204.m4a,m4a,ZZ 1322 DNC571 Best of dnc 06,60132204,Claptone,Wildside (sidney charles mix),T02,Claptone,ZZ1322,Best of dnc 06
60132205.m4a,m4a,ZZ 1322 DNC571 Best of dnc 06,60132205,"Letyago, anfisa",So good (original mix),T01,"Letyago, anfisa",ZZ1322,Best of dnc 06
60132206.m4a,m4a,ZZ 1322 DNC571 Best of dnc 06,60132206,Malandra jr,Magnetik,T01,Malandra jr,ZZ1322,Best of dnc 06
60132207.m4a,m4a,ZZ 1322 DNC571 Best of dnc 06,60132207,Secondcity,All these things that pt 4,T01,Secondcity,ZZ1322,Best of dnc 06
60132208.m4a,m4a,ZZ 1322 DNC571 Best of dnc 06,60132208,Sleep d,Magic arpet ride,T01,Butter sessions vol 2 (single),ZZ1322,Best of dnc 06
60132209.m4a,m4a,ZZ 1322 DNC571 Best of dnc 06,60132209,Dan white,"Hammer, the (think mix)",T01,Dan white,ZZ1322,Best of dnc 06
60132210.m4a,m4a,ZZ 1322 DNC571 Best of dnc 06,60132210,"Simmonds, chris",I changed my mind,T01,"Simmonds, chris",ZZ1322,Best of dnc 06
60132301.m4a,m4a,ZZ 1323 DNC572 Best of dnc 07,60132301,Sleep d,Bush snake,T01,Sleep d,ZZ1323,Best of dnc 07. End of set of best of set 10 & a few more from future singles purchases etc.
60132302.m4a,m4a,ZZ 1323 DNC572 Best of dnc 07,60132302,Alex dolby,"Raw road, carlo lio mix (& santos) (single)",T01,Alex dolby,ZZ1323,Best of dnc 07. End of set of best of set 10 & a few more from future singles purchases etc.
60132303.m4a,m4a,ZZ 1323 DNC572 Best of dnc 07,60132303,Paneoh,Punto des control (take 2),T03: 04,"Digweed, john, live in cordoba",ZZ1323,Best of dnc 07. End of set of best of set 10 & a few more from future singles purchases etc.
60132304.m4a,m4a,ZZ 1323 DNC572 Best of dnc 07,60132304,"Nelson, bill",Acceleration (dub),T09,"Nelson, bill",ZZ1323,Best of dnc 07. End of set of best of set 10 & a few more from future singles purchases etc.
60132305.m4a,m4a,ZZ 1323 DNC572 Best of dnc 07,60132305,"Huntemann, oliver",Schatten,T02: 02,"Global underground 40, solomun",ZZ1323,Best of dnc 07. End of set of best of set 10 & a few more from future singles purchases etc.
60132306.m4a,m4a,ZZ 1323 DNC572 Best of dnc 07,60132306,Paneoh,Punto des control,T01: 10 (trk 60112401 1:10 - 4:51),"Digweed, john, live in cordoba",ZZ1323,Best of dnc 07. End of set of best of set 10 & a few more from future singles purchases etc.
60132307.m4a,m4a,ZZ 1323 DNC572 Best of dnc 07,60132307,2 fingers,Fools rhythm,T01: 01,Ninja tune xx 1,ZZ1323,Best of dnc 07. End of set of best of set 10 & a few more from future singles purchases etc.
60132308.m4a,m4a,ZZ 1323 DNC572 Best of dnc 07,60132308,Pherox & ft lee curtiss,Black copy,T01: 13 (trk 60112607 0 - 4:10),Balance 025,ZZ1323,Best of dnc 07. End of set of best of set 10 & a few more from future singles purchases etc.
60132309.m4a,m4a,ZZ 1323 DNC572 Best of dnc 07,60132309,Tiesto,10 seconds before sunrise,T01: 02,Tiesto,ZZ1323,Best of dnc 07. End of set of best of set 10 & a few more from future singles purchases etc.
60132310.m4a,m4a,ZZ 1323 DNC572 Best of dnc 07,60132310,Instramental,No future,T20 (trk 60113503 5:45 - 10:30),Fabriclive 50,ZZ1323,Best of dnc 07. End of set of best of set 10 & a few more from future singles purchases etc.
60132311.m4a,m4a,ZZ 1323 DNC572 Best of dnc 07,60132311,Simple minds,Up on the catwalk,T01: 13,Simple minds,ZZ1323,Best of dnc 07. End of set of best of set 10 & a few more from future singles purchases etc.
60000701.m4a,m4a,ZZZ 0007 Car CD 07 - chillout 1,60000701,Meat katie,Black & blue,T02: 01,"MOS late night sessions 2, xpress2",ZZZ0007,Car CD 07 - chillout 01
60000702.m4a,m4a,ZZZ 0007 Car CD 07 - chillout 1,60000702,Rae & christian,"Hush, the",T05,Rae & christian,ZZZ0007,Car CD 07 - chillout 01
60000703.m4a,m4a,ZZZ 0007 Car CD 07 - chillout 1,60000703,Bent,I remember johnny,T06,Bent,ZZZ0007,Car CD 07 - chillout 01
60000705.m4a,m4a,ZZZ 0007 Car CD 07 - chillout 1,60000705,"Quiet boys, the",Everybody loves the summer,T01: 11,Nu cool 1,ZZZ0007,Car CD 07 - chillout 01
60000706.m4a,m4a,ZZZ 0007 Car CD 07 - chillout 1,60000706,Sun electric,Sundance,T05,Cafe del mar 1,ZZZ0007,Car CD 07 - chillout 01
60000707.m4a,m4a,ZZZ 0007 Car CD 07 - chillout 1,60000707,"Rubin, vanessa",Gotta b everything,T02: 08,Nu cool 1,ZZZ0007,Car CD 07 - chillout 01
60000708.m4a,m4a,ZZZ 0007 Car CD 07 - chillout 1,60000708,"Quaye, finley",Calender,T09,"Quaye, finley",ZZZ0007,Car CD 07 - chillout 01
60000709.m4a,m4a,ZZZ 0007 Car CD 07 - chillout 1,60000709,Kleshay,Rush,T01: 11,Kiss smooth grooves summer 99,ZZZ0007,Car CD 07 - chillout 01
60000710.m4a,m4a,ZZZ 0007 Car CD 07 - chillout 1,60000710,"Lilac time, the",Dreaming,T07,"Keeping the faith again, a creation dance compilation",ZZZ0007,Car CD 07 - chillout 01
60000711.m4a,m4a,ZZZ 0007 Car CD 07 - chillout 1,60000711,"Hinds, camelle",Saulsalito calling,T01: 02,Nu cool 1,ZZZ0007,Car CD 07 - chillout 01
60000712.m4a,m4a,ZZZ 0007 Car CD 07 - chillout 1,60000712,"Padilla, jose",Train to nottingham,T08,"Padilla, jose",ZZZ0007,Car CD 07 - chillout 01
60000713.m4a,m4a,ZZZ 0007 Car CD 07 - chillout 1,60000713,Khao,No compromise,T03,Offering 2 (k7),ZZZ0007,Car CD 07 - chillout 01
60000714.m4a,m4a,ZZZ 0007 Car CD 07 - chillout 1,60000714,Lascelles,Butterfly (& vanessa darby),T03,Abstract vibes 2,ZZZ0007,Car CD 07 - chillout 01
60000801.m4a,m4a,ZZZ 0008 Car CD 08 - chillout 2,60000801,Voices of kwan ad,Return journey,T05,Cafe del mar 4 (cuatro),ZZZ0008,Car CD 08 - chillout 02
60000802.m4a,m4a,ZZZ 0008 Car CD 08 - chillout 2,60000802,Outside,"Plan, the, minty",T04,"Tenaglia, danny, back to mine",ZZZ0008,Car CD 08 - chillout 02
60000803.m4a,m4a,ZZZ 0008 Car CD 08 - chillout 2,60000803,Slam mode,Orbiium celestium 7,T06,"Summer breeze, glasgow underground presents, kevin mckay",ZZZ0008,Car CD 08 - chillout 02
60000804.m4a,m4a,ZZZ 0008 Car CD 08 - chillout 2,60000804,State island groove,Down to the bone,T01: 10,Nu cool 1,ZZZ0008,Car CD 08 - chillout 02
60000805.m4a,m4a,ZZZ 0008 Car CD 08 - chillout 2,60000805,"Fingers, mr",Survivor,T02,Future soul,ZZZ0008,Car CD 08 - chillout 02
60000806.m4a,m4a,ZZZ 0008 Car CD 08 - chillout 2,60000806,Coldcut,Anamission,T01: 12,If ya can't stand the heat git outa da kitchen,ZZZ0008,Car CD 08 - chillout 02
60000807.m4a,m4a,ZZZ 0008 Car CD 08 - chillout 2,60000807,Thievery corporation,Transmission central (& rockers hifi),T04,Thievery corporation,ZZZ0008,Car CD 08 - chillout 02
60000808.m4a,m4a,ZZZ 0008 Car CD 08 - chillout 2,60000808,Ballistic brothers,Uschi's groove,T07,Cafe del mar 5 (cinco),ZZZ0008,Car CD 08 - chillout 02
60000809.m4a,m4a,ZZZ 0008 Car CD 08 - chillout 2,60000809,Jhelisa,Sweet dreams,T01,Fine gold,ZZZ0008,Car CD 08 - chillout 02
60000811.m4a,m4a,ZZZ 0008 Car CD 08 - chillout 2,60000811,Mandalay,Beautiful (canny mix),T05,Cafe del mar 6 (seis),ZZZ0008,Car CD 08 - chillout 02
60000812.m4a,m4a,ZZZ 0008 Car CD 08 - chillout 2,60000812,"Caldwell, andy",Quiet nights (& gina rene),T01: 04,Deeper,ZZZ0008,Car CD 08 - chillout 02
60000813.m4a,m4a,ZZZ 0008 Car CD 08 - chillout 2,60000813,"Cole, mj",Sincere (deeper remix),T01: 07,Deeper,ZZZ0008,Car CD 08 - chillout 02
60000814.m4a,m4a,ZZZ 0008 Car CD 08 - chillout 2,60000814,"Quaye, finley",Feeling blue,T06,"Quaye, finley",ZZZ0008,Car CD 08 - chillout 02
60001701.m4a,m4a,ZZZ 0017 Car CD 12  - chilled mixed dance,60001701,Jetlag,So right,T02: 15,MOS clubbers guide to 2003,ZZZ0017,Car CD 12  - chilled mixed dance
60001702.m4a,m4a,ZZZ 0017 Car CD 12  - chilled mixed dance,60001702,Krystal k,Let's get it right,T02: 12,MOS clubbers guide to 2003,ZZZ0017,Car CD 12  - chilled mixed dance
60001703.m4a,m4a,ZZZ 0017 Car CD 12  - chilled mixed dance,60001703,Madasun,Walking on water,T02: 12,"Ayia napa, ultimate",ZZZ0017,Car CD 12  - chilled mixed dance
60001704.m4a,m4a,ZZZ 0017 Car CD 12  - chilled mixed dance,60001704,Chateau,Prism,T11,"Fashion tv, spring summer 2001 collection",ZZZ0017,Car CD 12  - chilled mixed dance
60001705.m4a,m4a,ZZZ 0017 Car CD 12  - chilled mixed dance,60001705,Groove armada,In side my mind,T12,Groove armada,ZZZ0017,Car CD 12  - chilled mixed dance
60001706.m4a,m4a,ZZZ 0017 Car CD 12  - chilled mixed dance,60001706,Groove armada,"Private interlude, a",T08,Groove armada,ZZZ0017,Car CD 12  - chilled mixed dance
60001707.m4a,m4a,ZZZ 0017 Car CD 12  - chilled mixed dance,60001707,"Wilkie, ian",Guten morgen,T08,Global underground destinations,ZZZ0017,Car CD 12  - chilled mixed dance
60001708.m4a,m4a,ZZZ 0017 Car CD 12  - chilled mixed dance,60001708,Oscar,Sunday 17th,T09,"Fashion tv, spring summer 2001 collection",ZZZ0017,Car CD 12  - chilled mixed dance
60001709.m4a,m4a,ZZZ 0017 Car CD 12  - chilled mixed dance,60001709,Friendly,Some kind of love song,T07,Escape,ZZZ0017,Car CD 12  - chilled mixed dance
60001710.m4a,m4a,ZZZ 0017 Car CD 12  - chilled mixed dance,60001710,Wicked beat sound system,I don't want to know,T05,Escape,ZZZ0017,Car CD 12  - chilled mixed dance
60001711.m4a,m4a,ZZZ 0017 Car CD 12  - chilled mixed dance,60001711,Hunting party,Grooving,T10,Escape,ZZZ0017,Car CD 12  - chilled mixed dance
60001712.m4a,m4a,ZZZ 0017 Car CD 12  - chilled mixed dance,60001712,Perpetual ocean,Starbright,T11,Escape,ZZZ0017,Car CD 12  - chilled mixed dance
60001713.m4a,m4a,ZZZ 0017 Car CD 12  - chilled mixed dance,60001713,Groove armada,Dusk you & me,T03,Groove armada,ZZZ0017,Car CD 12  - chilled mixed dance
60001714.m4a,m4a,ZZZ 0017 Car CD 12  - chilled mixed dance,60001714,Indian ropeman,Indian ropeman,T01: 07,We are skint,ZZZ0017,Car CD 12  - chilled mixed dance
60001715.m4a,m4a,ZZZ 0017 Car CD 12  - chilled mixed dance,60001715,Kosheen,Harder,T05,Kosheen,ZZZ0017,Car CD 12  - chilled mixed dance
60014901.m4a,m4a,ZZZ 0149 Drm 034 Superchilled 04,60014901,Fc kahuna,Hdyling,T02: 04,"Chillout classics, the ultimate album",ZZZ0149,Drm 034 Superchilled 04
60014902.m4a,m4a,ZZZ 0149 Drm 034 Superchilled 04,60014902,Hong kong trash,Down the river,T02: 12,"MOS late night sessions 2, xpress2",ZZZ0149,Drm 034 Superchilled 04
60014908.m4a,m4a,ZZZ 0149 Drm 034 Superchilled 04,60014908,"Moneypenny project, the",Marie lou,T14,"Fashion tv, spring summer 2001 collection",ZZZ0149,Drm 034 Superchilled 04
60014909.m4a,m4a,ZZZ 0149 Drm 034 Superchilled 04,60014909,"Tobin, amon",Natureland,T12,"Tobin, amon",ZZZ0149,Drm 034 Superchilled 04
60014910.m4a,m4a,ZZZ 0149 Drm 034 Superchilled 04,60014910,"Avalanches, the",Eion / Summer crane,"T14,15","Avalanches, the",ZZZ0149,Drm 034 Superchilled 04
60014911.m4a,m4a,ZZZ 0149 Drm 034 Superchilled 04,60014911,Kinobe,Slip into something more comfortable,T01: 02,"Chillout classics, the ultimate album",ZZZ0149,Drm 034 Superchilled 04
60014912.m4a,m4a,ZZZ 0149 Drm 034 Superchilled 04,60014912,Golan project,Triptica,T01: 01 (& 02),"Dusk at byron bay, sharif galal",ZZZ0149,Drm 034 Superchilled 04
60014913.m4a,m4a,ZZZ 0149 Drm 034 Superchilled 04,60014913,"Tobin, amon",Keeping it stree,T11,"Tobin, amon",ZZZ0149,Drm 034 Superchilled 04
60015001.m4a,m4a,ZZZ 0150 Drm 035 Superchilled 05,60015001,4 tet,Rivers become oceans (& rothko),T07,Fabulous shit,ZZZ0150,Drm 035 Superchilled 05
60015002.m4a,m4a,ZZZ 0150 Drm 035 Superchilled 05,60015002,Afterlife,How does it feel,T01: 05,Zen connection 3,ZZZ0150,Drm 035 Superchilled 05
60015003.m4a,m4a,ZZZ 0150 Drm 035 Superchilled 05,60015003,Chungking,Bubble love,T01: 06,"Chillout classics, the ultimate album",ZZZ0150,Drm 035 Superchilled 05
60015004.m4a,m4a,ZZZ 0150 Drm 035 Superchilled 05,60015004,Goldfrapp,Pilots,T04,Goldfrapp,ZZZ0150,Drm 035 Superchilled 05
60015005.m4a,m4a,ZZZ 0150 Drm 035 Superchilled 05,60015005,Thievery corporation,Un simple histoire (voidd remix),T08,"Thievery corporation, babylon rewound",ZZZ0150,Drm 035 Superchilled 05
60015006.m4a,m4a,ZZZ 0150 Drm 035 Superchilled 05,60015006,Fun loving criminals,Methodonia,T13,Fun loving criminals,ZZZ0150,Drm 035 Superchilled 05
60015007.m4a,m4a,ZZZ 0150 Drm 035 Superchilled 05,60015007,Bhakta & helen,Something strong,T01: 08,Zen connection 3,ZZZ0150,Drm 035 Superchilled 05
60015008.m4a,m4a,ZZZ 0150 Drm 035 Superchilled 05,60015008,Funkstar de luxe,When I think of you (& the crickets),T01: 08,Disco kandi,ZZZ0150,Drm 035 Superchilled 05
60015009.m4a,m4a,ZZZ 0150 Drm 035 Superchilled 05,60015009,Cantoma,"Call, the (& pathaan)",T01: 09,Zen connection 3,ZZZ0150,Drm 035 Superchilled 05
60015012.m4a,m4a,ZZZ 0150 Drm 035 Superchilled 05,60015012,Solid sessions,Janeiro,T03: 05,Gatecrasher digital,ZZZ0150,Drm 035 Superchilled 05
60015013.m4a,m4a,ZZZ 0150 Drm 035 Superchilled 05,60015013,Ryukyu underground,Kanasando,T02: 05,Zen connection 3,ZZZ0150,Drm 035 Superchilled 05
60015014.m4a,m4a,ZZZ 0150 Drm 035 Superchilled 05,60015014,Way out west,Intensify,T03: 07,Gatecrasher digital,ZZZ0150,Drm 035 Superchilled 05
60015101.m4a,m4a,ZZZ 0151 Drm 036 Superchilled 06,60015101,D genre,Drum al amour,T10,Rasamello 2,ZZZ0151,Drm 036 Superchilled 06
60015102.m4a,m4a,ZZZ 0151 Drm 036 Superchilled 06,60015102,Amber,Sexual (afterlife mix),T03,Rasamello 2,ZZZ0151,Drm 036 Superchilled 06
60015103.m4a,m4a,ZZZ 0151 Drm 036 Superchilled 06,60015103,"Thorton, phil",Resolution,T01: 06,Zen connection 2,ZZZ0151,Drm 036 Superchilled 06
60015104.m4a,m4a,ZZZ 0151 Drm 036 Superchilled 06,60015104,Lotus,Air & angels,T13,Rasamello 1,ZZZ0151,Drm 036 Superchilled 06
60015105.m4a,m4a,ZZZ 0151 Drm 036 Superchilled 06,60015105,"Yokota, susumu",Flying cat,T12,"Yokota, susumu",ZZZ0151,Drm 036 Superchilled 06
60015106.m4a,m4a,ZZZ 0151 Drm 036 Superchilled 06,60015106,"Chopra, deepak",Oceans of ecstasy,T02,Rasamello 2,ZZZ0151,Drm 036 Superchilled 06
60015107.m4a,m4a,ZZZ 0151 Drm 036 Superchilled 06,60015107,"Return, the",New day,T01: 03,"Global underground 017, london danny tenaglia",ZZZ0151,Drm 036 Superchilled 06
60015108.m4a,m4a,ZZZ 0151 Drm 036 Superchilled 06,60015108,Get fucked,Dreams are made,T01,Get fucked,ZZZ0151,Drm 036 Superchilled 06
60015109.m4a,m4a,ZZZ 0151 Drm 036 Superchilled 06,60015109,"Namtchylak, sainkho",Ohm suaa,T02: 02,Buddha bar 7,ZZZ0151,Drm 036 Superchilled 06
60015110.m4a,m4a,ZZZ 0151 Drm 036 Superchilled 06,60015110,Banzai republic,Loolah (& natacha atlas),T01: 06,Zen connection 4,ZZZ0151,Drm 036 Superchilled 06
60015111.m4a,m4a,ZZZ 0151 Drm 036 Superchilled 06,60015111,Sufani,Gaudi,T01: 12,"Buddha bar 2, spirit of, siddharta",ZZZ0151,Drm 036 Superchilled 06
60015112.m4a,m4a,ZZZ 0151 Drm 036 Superchilled 06,60015112,"Sanchez, roger",Another chance,T01: 06,"MOS chillout sessions 3, the",ZZZ0151,Drm 036 Superchilled 06
60015113.m4a,m4a,ZZZ 0151 Drm 036 Superchilled 06,60015113,Orbient,Boarding,T14,Hotel costes 4,ZZZ0151,Drm 036 Superchilled 06
60015114.m4a,m4a,ZZZ 0151 Drm 036 Superchilled 06,60015114,Yonder boi,Fairy of the lake,T01: 07,"Big chill loves you, the",ZZZ0151,Drm 036 Superchilled 06
60015116.m4a,m4a,ZZZ 0151 Drm 036 Superchilled 06,60015116,Supervielle,Perfume,T02: 06,Buddha bar 7,ZZZ0151,Drm 036 Superchilled 06
60015201.m4a,m4a,ZZZ 0152 Drm 037 Superchilled 07,60015201,"Miles, robert",Path,T01: 11,"Big chill loves you, the",ZZZ0152,Drm 037 Superchilled 07
60015202.m4a,m4a,ZZZ 0152 Drm 037 Superchilled 07,60015202,Omnimotion,Japan,T01: 07,Zen connection 4,ZZZ0152,Drm 037 Superchilled 07
60015203.m4a,m4a,ZZZ 0152 Drm 037 Superchilled 07,60015203,Grassskirt,Tonite,T02: 02,"Buddha bar 2, spirit of, siddharta",ZZZ0152,Drm 037 Superchilled 07
60015204.m4a,m4a,ZZZ 0152 Drm 037 Superchilled 07,60015204,Dzihan & kamien,Airport,T08,Dzihan & kamien,ZZZ0152,Drm 037 Superchilled 07
60015205.m4a,m4a,ZZZ 0152 Drm 037 Superchilled 07,60015205,"Sheehan, rhian",Phobos,T01: 11,Zen connection 4,ZZZ0152,Drm 037 Superchilled 07
60015207.m4a,m4a,ZZZ 0152 Drm 037 Superchilled 07,60015207,Module & jess chamber,Twilight stolen,T04,Elysian vibes 4,ZZZ0152,Drm 037 Superchilled 07
60015208.m4a,m4a,ZZZ 0152 Drm 037 Superchilled 07,60015208,"Kennedy, jon",Smith vs smith,T07,Future sound of jazz 8,ZZZ0152,Drm 037 Superchilled 07
60015209.m4a,m4a,ZZZ 0152 Drm 037 Superchilled 07,60015209,Bombay dub orchestra,Greater silence,T01: 06,Bombay dub orchestra,ZZZ0152,Drm 037 Superchilled 07
60015210.m4a,m4a,ZZZ 0152 Drm 037 Superchilled 07,60015210,Parallel,Interstellar,T01: 12,Zen connection 4,ZZZ0152,Drm 037 Superchilled 07
60015211.m4a,m4a,ZZZ 0152 Drm 037 Superchilled 07,60015211,Order in chaos,Ocean dreams,T02: 10,Zen connection,ZZZ0152,Drm 037 Superchilled 07
60015212.m4a,m4a,ZZZ 0152 Drm 037 Superchilled 07,60015212,Jazzanova,Bohemian sunset,T01: 15,"MOS chillout sessions 3, the",ZZZ0152,Drm 037 Superchilled 07
60015213.m4a,m4a,ZZZ 0152 Drm 037 Superchilled 07,60015213,Variety lab,London in the rain,T01,Hotel costes 4,ZZZ0152,Drm 037 Superchilled 07
60015214.m4a,m4a,ZZZ 0152 Drm 037 Superchilled 07,60015214,Bombay dub orchestra,Rare earth (dub),T02: 01,Bombay dub orchestra,ZZZ0152,Drm 037 Superchilled 07
60015301.m4a,m4a,ZZZ 0153 Drm 038 Superchilled 08,60015301,Blue 6,Music & wine,T02: 03,"MOS chillout sessions 3, the",ZZZ0153,Drm 038 Superchilled 08
60015302.m4a,m4a,ZZZ 0153 Drm 038 Superchilled 08,60015302,"Bailey, ronnie",Rise,T01: 04,Beach house,ZZZ0153,Drm 038 Superchilled 08
60015303.m4a,m4a,ZZZ 0153 Drm 038 Superchilled 08,60015303,Method,I've got a cat,T02,Hotel costes 4,ZZZ0153,Drm 038 Superchilled 08
60015304.m4a,m4a,ZZZ 0153 Drm 038 Superchilled 08,60015304,Thunderball,Solar,T03,Hotel costes 4,ZZZ0153,Drm 038 Superchilled 08
60015305.m4a,m4a,ZZZ 0153 Drm 038 Superchilled 08,60015305,Bent,Sing me,T06,Bent,ZZZ0153,Drm 038 Superchilled 08
60015306.m4a,m4a,ZZZ 0153 Drm 038 Superchilled 08,60015306,Amanaska,Bag the llama,T02: 03,Zen connection 4,ZZZ0153,Drm 038 Superchilled 08
60015307.m4a,m4a,ZZZ 0153 Drm 038 Superchilled 08,60015307,Sphongle,Once upon the sea of blissful awareness,T01: 10,Buddha bar 8,ZZZ0153,Drm 038 Superchilled 08
60015308.m4a,m4a,ZZZ 0153 Drm 038 Superchilled 08,60015308,Bombay dub orchestra,Compassion (dub),T02: 06,Bombay dub orchestra,ZZZ0153,Drm 038 Superchilled 08
60015309.m4a,m4a,ZZZ 0153 Drm 038 Superchilled 08,60015309,Latrice,Hold the light,T01: 08,Beach house,ZZZ0153,Drm 038 Superchilled 08
60015310.m4a,m4a,ZZZ 0153 Drm 038 Superchilled 08,60015310,"Popat, sam",Golden ring (& alexandre scheffer),T01: 11,Buddha bar 8,ZZZ0153,Drm 038 Superchilled 08
60015311.m4a,m4a,ZZZ 0153 Drm 038 Superchilled 08,60015311,"Gerrard, lisa",Spaceweaver,T06,"Gerrard, lisa",ZZZ0153,Drm 038 Superchilled 08
60015312.m4a,m4a,ZZZ 0153 Drm 038 Superchilled 08,60015312,Alphax,"Wedding song, the",T01: 01,Zen connection 2,ZZZ0153,Drm 038 Superchilled 08
60015313.m4a,m4a,ZZZ 0153 Drm 038 Superchilled 08,60015313,Mystic diversions,Float on,T04,Rasamello 1,ZZZ0153,Drm 038 Superchilled 08
60015314.m4a,m4a,ZZZ 0153 Drm 038 Superchilled 08,60015314,"Marin, elkin",Wallanwala,T01: 13,Buddha bar 8,ZZZ0153,Drm 038 Superchilled 08
60015401.m4a,m4a,ZZZ 0154 Drm 039 Superchilled 09,60015401,Savath & savalas,Apnes obstructive,T02,Savath & savalas,ZZZ0154,Drm 039 Superchilled 09
60015403.m4a,m4a,ZZZ 0154 Drm 039 Superchilled 09,60015403,Alphax,"Indian summer, an",T01: 04,Buddha bar 7,ZZZ0154,Drm 039 Superchilled 09
60015404.m4a,m4a,ZZZ 0154 Drm 039 Superchilled 09,60015404,Cinematic orchestra,Breathe,T09,Cinematic orchestra,ZZZ0154,Drm 039 Superchilled 09
60015405.m4a,m4a,ZZZ 0154 Drm 039 Superchilled 09,60015405,Tya,Coming home,T01,Buddha lounge 2,ZZZ0154,Drm 039 Superchilled 09
60015406.m4a,m4a,ZZZ 0154 Drm 039 Superchilled 09,60015406,Cirque du soliel,"Tate blish, a",T01: 04,"Buddha bar 2, spirit of, siddharta",ZZZ0154,Drm 039 Superchilled 09
60015407.m4a,m4a,ZZZ 0154 Drm 039 Superchilled 09,60015407,Endorphin,Shukran,T01,Endorphin,ZZZ0154,Drm 039 Superchilled 09
60015408.m4a,m4a,ZZZ 0154 Drm 039 Superchilled 09,60015408,Mkl vs soy sos,Skin,T02: 03,Buddha bar 1,ZZZ0154,Drm 039 Superchilled 09
60015409.m4a,m4a,ZZZ 0154 Drm 039 Superchilled 09,60015409,Banzai republic,Never feel,T01: 05,"Buddha bar 2, spirit of, siddharta",ZZZ0154,Drm 039 Superchilled 09
60015410.m4a,m4a,ZZZ 0154 Drm 039 Superchilled 09,60015410,"Brown, ian",Solarized,T05,"Brown, ian",ZZZ0154,Drm 039 Superchilled 09
60015411.m4a,m4a,ZZZ 0154 Drm 039 Superchilled 09,60015411,Dzihan & kamien,Stiff jazz,T01,Dzihan & kamien,ZZZ0154,Drm 039 Superchilled 09
60015412.m4a,m4a,ZZZ 0154 Drm 039 Superchilled 09,60015412,Spiral system & lottie child,Elephant,T01: 02,Zen connection 4,ZZZ0154,Drm 039 Superchilled 09
60015413.m4a,m4a,ZZZ 0154 Drm 039 Superchilled 09,60015413,"Padilla, jose",Light my heart,T01: 11,Buddha bar 7,ZZZ0154,Drm 039 Superchilled 09
60015414.m4a,m4a,ZZZ 0154 Drm 039 Superchilled 09,60015414,"Sotomayor, nacho",Too far,T02: 13,Zen connection,ZZZ0154,Drm 039 Superchilled 09
60015415.m4a,m4a,ZZZ 0154 Drm 039 Superchilled 09,60015415,Dzihan & kamien,Thrill,T10,Dzihan & kamien,ZZZ0154,Drm 039 Superchilled 09
60020501 (04-37).m4a,m4a,ZZZ 0205 Drm 049 Superchilled 11,60020501,Sigur ros,Festival,T05,Sigur ros,ZZZ0205,Drm 049 Superchilled 11
60020502 (02-43).m4a,m4a,ZZZ 0205 Drm 049 Superchilled 11,60020502,Pnau,Die with us,T12,Pnau,ZZZ0205,Drm 049 Superchilled 11
60020503 (05-27).m4a,m4a,ZZZ 0205 Drm 049 Superchilled 11,60020503,Unknown,Unknown,T08,"Afterlife, free cd with speck of gold 2 of 4, bliss",ZZZ0205,Drm 049 Superchilled 11
60020504 (03-44).m4a,m4a,ZZZ 0205 Drm 049 Superchilled 11,60020504,Dolphin boy,Shake it loose,T01: 03,Buddha bar 6,ZZZ0205,Drm 049 Superchilled 11
60020505 (04-27).m4a,m4a,ZZZ 0205 Drm 049 Superchilled 11,60020505,Marden hill,Bardot,T02: 18,"Lust, jeoy negro, a personal collection by",ZZZ0205,Drm 049 Superchilled 11
60020506 (04-43).m4a,m4a,ZZZ 0205 Drm 049 Superchilled 11,60020506,Afterlife,Shine (chris coco mix),T02: 02,Afterlife,ZZZ0205,Drm 049 Superchilled 11
60020509 (03-42).m4a,m4a,ZZZ 0205 Drm 049 Superchilled 11,60020509,"Ramos, monica",Para un angelito,T10,Traveler 01,ZZZ0205,Drm 049 Superchilled 11
60020510 (04-22).m4a,m4a,ZZZ 0205 Drm 049 Superchilled 11,60020510,Dephazz,Mambo craze (& pat appleton),T01: 10,Buddha bar 2,ZZZ0205,Drm 049 Superchilled 11
60020511 (04-30).m4a,m4a,ZZZ 0205 Drm 049 Superchilled 11,60020511,Trumpet thing,Need you,T01: 01,Buddha bar 2,ZZZ0205,Drm 049 Superchilled 11
60020512 (04-51).m4a,m4a,ZZZ 0205 Drm 049 Superchilled 11,60020512,Unknown,Unknown,,Unknown,ZZZ0205Drm049Superchilled11,ZZZ 0205 Drm 049 Superchilled 11
60020513 (06-47).m4a,m4a,ZZZ 0205 Drm 049 Superchilled 11,60020513,Southern street player,Who keeps changing your mind,T02: 02,"Defected in the house, zouk out singapore 10",ZZZ0205,Drm 049 Superchilled 11
60020514 (07-46).m4a,m4a,ZZZ 0205 Drm 049 Superchilled 11,60020514,Slow train,Trail of dawn,T02: 03,Buddha bar 6,ZZZ0205,Drm 049 Superchilled 11
60020515 (07-22).m4a,m4a,ZZZ 0205 Drm 049 Superchilled 11,60020515,Ambisonic,Helicopter kinda girl,T02: 10,& still no hits,ZZZ0205,Drm 049 Superchilled 11
60020601 (04-46).m4a,m4a,ZZZ 0206 Drm 050 Superchilled 12,60020601,Unknown,Unknown,T10,"Afterlife, free cd with speck of gold 1 of 4, chill",ZZZ0206,Drm 050 Superchilled 12
60020602 (03-59).m4a,m4a,ZZZ 0206 Drm 050 Superchilled 12,60020602,9lazy9,Big 6,T06,9lazy9,ZZZ0206,Drm 050 Superchilled 12
60020603 (04-08).m4a,m4a,ZZZ 0206 Drm 050 Superchilled 12,60020603,Wild beasts,2 dancers 1,T08,"Golden sounds of domino, the, nme presents",ZZZ0206,Drm 050 Superchilled 12
60020604 (05-32).m4a,m4a,ZZZ 0206 Drm 050 Superchilled 12,60020604,Deadbeats,Funky for you,T01: 09,Buddha bar 2,ZZZ0206,Drm 050 Superchilled 12
60020605 (08-42).m4a,m4a,ZZZ 0206 Drm 050 Superchilled 12,60020605,Unknown,Unknown,T04,"Afterlife, free cd with speck of gold 4 of 4, love",ZZZ0206,Drm 050 Superchilled 12
60020606 (03-54).m4a,m4a,ZZZ 0206 Drm 050 Superchilled 12,60020606,"Sawhney, nitin",Nothing,T02,"Sawhney, nitin",ZZZ0206,Drm 050 Superchilled 12
60020607 (03-34).m4a,m4a,ZZZ 0206 Drm 050 Superchilled 12,60020607,Pacific,Break your social system,T02: 16,MOS chillout sessions 11,ZZZ0206,Drm 050 Superchilled 12
60020608 (04-07).m4a,m4a,ZZZ 0206 Drm 050 Superchilled 12,60020608,Rude awakening,"Dip, the",T01: 07,"Connected, 15 years of garage city",ZZZ0206,Drm 050 Superchilled 12
60020609 (04-12).m4a,m4a,ZZZ 0206 Drm 050 Superchilled 12,60020609,"Espiritu, mr joshua presents",In praise of the sun,T16,"Afterlife, free cd with speck of gold 1 of 4, chill",ZZZ0206,Drm 050 Superchilled 12
60020610 (06-16).m4a,m4a,ZZZ 0206 Drm 050 Superchilled 12,60020610,Bliss,Manvantara,T02: 07,Buddha bar 6,ZZZ0206,Drm 050 Superchilled 12
60020611 (04-32).m4a,m4a,ZZZ 0206 Drm 050 Superchilled 12,60020611,Pqm,Nameless (& pilgrim soul),T02: 10,Buddha bar 6,ZZZ0206,Drm 050 Superchilled 12
60020612 (04-51).m4a,m4a,ZZZ 0206 Drm 050 Superchilled 12,60020612,Bravo mike,Tear in my eye,T01: 03,"Sanchez, roger, release yourself 5",ZZZ0206,Drm 050 Superchilled 12
60020613 (04-55).m4a,m4a,ZZZ 0206 Drm 050 Superchilled 12,60020613,"Skakoor, nadirah",Love song,T01: 01,"Sanchez, roger, release yourself 6",ZZZ0206,Drm 050 Superchilled 12
60020614 (04-37).m4a,m4a,ZZZ 0206 Drm 050 Superchilled 12,60020614,"Wellons, tamara",Oh well,T01: 02,"Sanchez, roger, release yourself 6",ZZZ0206,Drm 050 Superchilled 12
60020615 (05-58).m4a,m4a,ZZZ 0206 Drm 050 Superchilled 12,60020615,Unknown,Unknown,T03,"Afterlife, free cd with speck of gold 4 of 4, love",ZZZ0206,Drm 050 Superchilled 12
"60106201 Funky lowlives, the, ascension presents - V (T06).m4a",m4a,"ZZZ 1062 car cd 29, chilled dance",60106201,Suba,Felicidada,T06,"Funky lowlives, the, ascension presents",ZZZ1062,"Car CD 29, chilled dance"
"60106202 Pooley, ian - Since then (T11).m4a",m4a,"ZZZ 1062 car cd 29, chilled dance",60106202,"Pooley, ian",Sundowner,T11,"Pooley, ian",ZZZ1062,"Car CD 29, chilled dance"
60106203 Coco steel & lovebomb - It (T03).m4a,m4a,"ZZZ 1062 car cd 29, chilled dance",60106203,Coco steel & lovebomb,Disco dub,T03,Coco steel & lovebomb,ZZZ1062,"Car CD 29, chilled dance"
60106204 Deeper - V (T02-02).m4a,m4a,"ZZZ 1062 car cd 29, chilled dance",60106204,Jaffa,Elevator,T02: 02,Deeper,ZZZ1062,"Car CD 29, chilled dance"
"60106205 Big chill 1, the - V (T01-01).m4a",m4a,"ZZZ 1062 car cd 29, chilled dance",60106205,"Scruff, mr",Get a move on,T01: 01,"Big chill 1, the",ZZZ1062,"Car CD 29, chilled dance"
60106206 Gentle people - Mix gently (05).m4a,m4a,"ZZZ 1062 car cd 29, chilled dance",60106206,Gentle people,Travel bug (kaminsky experience remix),T05,Gentle people,ZZZ1062,"Car CD 29, chilled dance"
60106207 Hotel costes 9 - V (15).m4a,m4a,"ZZZ 1062 car cd 29, chilled dance",60106207,Niko,Womb,T15,Hotel costes 9,ZZZ1062,"Car CD 29, chilled dance"
"60106208 Moses, teedra - Complex simplicity (12).m4a",m4a,"ZZZ 1062 car cd 29, chilled dance",60106208,"Moses, teedra",Caught up,T12,"Moses, teedra",ZZZ1062,"Car CD 29, chilled dance"
60106209 Grand 12 inches 5 - V (2-03).m4a,m4a,"ZZZ 1062 car cd 29, chilled dance",60106209,"Rah band, the",Clouds across the moon,T02: 03,Grand 12 inches 5,ZZZ1062,"Car CD 29, chilled dance"
60106210 Freezone 5 - V (T02-04).m4a,m4a,"ZZZ 1062 car cd 29, chilled dance",60106210,Ybu,Soul magic 98 (& rae & christian),T02: 04,Freezone 5,ZZZ1062,"Car CD 29, chilled dance"
60106211 Nuphonic 04 - V (T06).m4a,m4a,"ZZZ 1062 car cd 29, chilled dance",60106211,Revtone,"Brightest thing, the (& justin robertson presents)",T06,Nuphonic 04,ZZZ1062,"Car CD 29, chilled dance"
60106212 Serve chilled 2007 - V (2-10).m4a,m4a,"ZZZ 1062 car cd 29, chilled dance",60106212,Schmoov,Taking me over,T02: 10,Serve chilled 2007,ZZZ1062,"Car CD 29, chilled dance"
60106601 Empire of the sun - Walking on a dream (04).m4a,m4a,ZZZ 1066 Drm 191 - best of ambient 2,60106601,Empire of the sun,We are the people,T04,Empire of the sun,ZZZ1066,Best of ambient 2
"60106602 Prefab sprout - Kings of  rock & roll, the best of prefab sprout (2-15).m4a",m4a,ZZZ 1066 Drm 191 - best of ambient 2,60106602,Prefab sprout,"Ice maiden, the",T02: 15,Prefab sprout,ZZZ1066,Best of ambient 2
"60106603 Heywood, nick & haircut 100 - Favourite songs, the best of (1-02).m4a",m4a,ZZZ 1066 Drm 191 - best of ambient 2,60106603,"Heywood, nick & haircut 100",Love plus 1,T01: 02,"Heywood, nick & haircut 100",ZZZ1066,Best of ambient 2
"60106604 Hall, daryl & john oates - Essential,  dh & jo, the (1-01).m4a",m4a,ZZZ 1066 Drm 191 - best of ambient 2,60106604,"Hall, daryl & john oates",She's gone,T01: 01,"Hall, daryl & john oates",ZZZ1066,Best of ambient 2
"60106605 Ferry, bryan & roxy music - Right mixes, the (05).m4a",m4a,ZZZ 1066 Drm 191 - best of ambient 2,60106605,"Ferry, bryan & roxy music",Slave to love (remix),T05,"Ferry, bryan & roxy music",ZZZ1066,Best of ambient 2
"60106606 Sundays, the - Reading writing & arithmetic (02).m4a",m4a,ZZZ 1066 Drm 191 - best of ambient 2,60106606,"Sundays, the",Here's where the story ends,T02,"Sundays, the",ZZZ1066,Best of ambient 2
60106607 House of love - House of love (1990) (03).m4a,m4a,ZZZ 1066 Drm 191 - best of ambient 2,60106607,House of love,Beatles & the stones,T03,House of love,ZZZ1066,Best of ambient 2
60106608 Grand 12 inches 6 - V (1-03).m4a,m4a,ZZZ 1066 Drm 191 - best of ambient 2,60106608,Hall & oates,I can't go for that (extended),T01: 03,Grand 12 inches 6,ZZZ1066,Best of ambient 2
"60106609 Drivetime classic hits, daily mail - V (02).m4a",m4a,ZZZ 1066 Drm 191 - best of ambient 2,60106609,"Cars, the",Drive,T02,"Drivetime classic hits, daily mail",ZZZ1066,Best of ambient 2
"60106610 Jackson, michael - In the closet (maxi single cd) (08).m4a",m4a,ZZZ 1066 Drm 191 - best of ambient 2,60106610,"Jackson, michael",Remember the time (new jack jazz mix 21),T08,"Jackson, michael",ZZZ1066,Best of ambient 2
60106611 Vampire weekend - Modern vampires of the city (03).m4a,m4a,ZZZ 1066 Drm 191 - best of ambient 2,60106611,Vampire weekend,Step,T03,Vampire weekend,ZZZ1066,Best of ambient 2
"60106612 Rock collection, the, rock inferno - V (2-11).m4a",m4a,ZZZ 1066 Drm 191 - best of ambient 2,60106612,"Bonnet, graham",Warm ride,T02: 11,"Rock collection, the, rock inferno",ZZZ1066,Best of ambient 2
"60106613 Hall, daryl & john oates - Essential,  dh & jo, the (2-17).m4a",m4a,ZZZ 1066 Drm 191 - best of ambient 2,60106613,"Hall, daryl & john oates",Do it for love,T02: 17,"Hall, daryl & john oates",ZZZ1066,Best of ambient 2
"60106614 Prince - Hits 2, the (18).m4a",m4a,ZZZ 1066 Drm 191 - best of ambient 2,60106614,Prince,Purple rain,T18,Prince,ZZZ1066,Best of ambient 2
60131801.m4a,m4a,ZZZ 1318 DRM230 Superchilled 01,60131801,Friendly fires,Offline,T04,Friendly fires,ZZZ1318,Superchilled 01
60131802.m4a,m4a,ZZZ 1318 DRM230 Superchilled 01,60131802,Sleep d,Banksia,T03,Sleep d,ZZZ1318,Superchilled 01
60131803.m4a,m4a,ZZZ 1318 DRM230 Superchilled 01,60131803,Soul avenue,Stuck in a dream,T01,"Super session chilloutmaster1 2.27, demo",ZZZ1318,Superchilled 01
60131804.m4a,m4a,ZZZ 1318 DRM230 Superchilled 01,60131804,"Middleton, tom",Astral projection,T11,"Middleton, tom",ZZZ1318,Superchilled 01
60131805.m4a,m4a,ZZZ 1318 DRM230 Superchilled 01,60131805,Saint morgan,You,T01,Saint morgan,ZZZ1318,Superchilled 01
60131806.m4a,m4a,ZZZ 1318 DRM230 Superchilled 01,60131806,Mascara,Baja (dj steef mix),T01,Mascara,ZZZ1318,Superchilled 01
60131807.m4a,m4a,ZZZ 1318 DRM230 Superchilled 01,60131807,Kucka,Real,T01,Kucka,ZZZ1318,Superchilled 01
60131808.m4a,m4a,ZZZ 1318 DRM230 Superchilled 01,60131808,Loft soul,Dear friend (dj spinna mix) (& feat lisa millet),T01,Loft soul,ZZZ1318,Superchilled 01
60131809.m4a,m4a,ZZZ 1318 DRM230 Superchilled 01,60131809,Coldcut,Return to margin (afterlife mix),T05,Afterlife,ZZZ1318,Superchilled 01
60131810.m4a,m4a,ZZZ 1318 DRM230 Superchilled 01,60131810,Software,Present voice,T02: 13,Balance 023,ZZZ1318,Superchilled 01
60131811.m4a,m4a,ZZZ 1318 DRM230 Superchilled 01,60131811,Flunk,Sugar planet,T08,"Sylt, finest lounge music no 1",ZZZ1318,Superchilled 01
60131812.m4a,m4a,ZZZ 1318 DRM230 Superchilled 01,60131812,Vibrasphere,Tierra azul (omnimotion mix featuring krister linder),T01: 06,Eco zen 2,ZZZ1318,Superchilled 01
60131813.m4a,m4a,ZZZ 1318 DRM230 Superchilled 01,60131813,Skee mask,Flyby vfr,T09,Skee mask,ZZZ1318,Superchilled 01
60131814.m4a,m4a,ZZZ 1318 DRM230 Superchilled 01,60131814,Skee mask,Vli,T08,Skee mask,ZZZ1318,Superchilled 01
60132001.m4a,m4a,ZZZ 1320 DRM231 Superchilled 02,60132001,Comatrixx,Sunrise cafe (original),T09,"Style, winter lounge",ZZZ1320,"Superchilled 02. 2 of 2 (1318 is 1 of 2), best of chilled from set 10 review & a few more from future sets"
60132003.m4a,m4a,ZZZ 1320 DRM231 Superchilled 02,60132003,Afterlife,"Feeling, a",T02,Afterlife,ZZZ1320,"Superchilled 02. 2 of 2 (1318 is 1 of 2), best of chilled from set 10 review & a few more from future sets"
60132004.m4a,m4a,ZZZ 1320 DRM231 Superchilled 02,60132004,Stargazer,Eastend,T13,"Jetset, exclusive winter chill",ZZZ1320,"Superchilled 02. 2 of 2 (1318 is 1 of 2), best of chilled from set 10 review & a few more from future sets"
60132005.m4a,m4a,ZZZ 1320 DRM231 Superchilled 02,60132005,"Blanc, le, chris & liz june",Enjoy your life,T01: 11,Cafe del mar 12 (doce),ZZZ1320,"Superchilled 02. 2 of 2 (1318 is 1 of 2), best of chilled from set 10 review & a few more from future sets"
60132006.m4a,m4a,ZZZ 1320 DRM231 Superchilled 02,60132006,"Cummings, stephen",Come on come on,T10,"Cummings, stephen",ZZZ1320,"Superchilled 02. 2 of 2 (1318 is 1 of 2), best of chilled from set 10 review & a few more from future sets"
60132007.m4a,m4a,ZZZ 1320 DRM231 Superchilled 02,60132007,"Pompougnac, stephane",1 by 1,T12 (trk 60110001 11 cut),Hotel costes 15 (last in series),ZZZ1320,"Superchilled 02. 2 of 2 (1318 is 1 of 2), best of chilled from set 10 review & a few more from future sets"
60132008.m4a,m4a,ZZZ 1320 DRM231 Superchilled 02,60132008,Ott,"Queen of all everything, the",T02: 10,Eco zen 2,ZZZ1320,"Superchilled 02. 2 of 2 (1318 is 1 of 2), best of chilled from set 10 review & a few more from future sets"
60132009.m4a,m4a,ZZZ 1320 DRM231 Superchilled 02,60132009,Triangle sun,Beautiful,T01: 12,Cafe del mar 13 (trece),ZZZ1320,"Superchilled 02. 2 of 2 (1318 is 1 of 2), best of chilled from set 10 review & a few more from future sets"
60132010.m4a,m4a,ZZZ 1320 DRM231 Superchilled 02,60132010,Little axe,Going down slow,T01: 06,Little axe,ZZZ1320,"Superchilled 02. 2 of 2 (1318 is 1 of 2), best of chilled from set 10 review & a few more from future sets"
60132011.m4a,m4a,ZZZ 1320 DRM231 Superchilled 02,60132011,Stargazer,Westend,T15,"Style, winter lounge",ZZZ1320,"Superchilled 02. 2 of 2 (1318 is 1 of 2), best of chilled from set 10 review & a few more from future sets"
60132012.m4a,m4a,ZZZ 1320 DRM231 Superchilled 02,60132012,"Goze, christophe","Traveller, the",T06,"Goze, christophe",ZZZ1320,"Superchilled 02. 2 of 2 (1318 is 1 of 2), best of chilled from set 10 review & a few more from future sets"
60132013.m4a,m4a,ZZZ 1320 DRM231 Superchilled 02,60132013,Tosca,Suzuki,T02: 08 (34:35 to 40:25),"Coco, chris",ZZZ1320,"Superchilled 02. 2 of 2 (1318 is 1 of 2), best of chilled from set 10 review & a few more from future sets"
60132014.m4a,m4a,ZZZ 1320 DRM231 Superchilled 02,60132014,Lorde,Royals,T03,Lorde,ZZZ1320,"Superchilled 02. 2 of 2 (1318 is 1 of 2), best of chilled from set 10 review & a few more from future sets"
"60069302 Excessive force - Violent peace (Waxtrax, the black box - V (T01-05)).m4a",m4a,"ZZZZ 0693 Dnc 317, 80s, 90s Industrial dance",60069302,Excessive force,Violent peace,T01: 05,"Waxtrax, the black box, 13 years of waxtrax",ZZZZ0693,"Dnc 317, 80s, 90s Industrial dance"
60069303 Project pitchfork -Song of the winds (We came to dance 2 - V (T03)).m4a,m4a,"ZZZZ 0693 Dnc 317, 80s, 90s Industrial dance",60069303,Project pitchfork,Song of the winds,T03,We came to dance 2,ZZZZ0693,"Dnc 317, 80s, 90s Industrial dance"
60069304 Clock dva - Bitstream (Contemporary 91 - V (T04).m4a,m4a,"ZZZZ 0693 Dnc 317, 80s, 90s Industrial dance",60069304,Clock dva,Bitstream,T04,Contemporary 91,ZZZZ0693,"Dnc 317, 80s, 90s Industrial dance"
"60069305 Fair sex, the - Not now, not here (We came to dance 2 - V (T05)).m4a",m4a,"ZZZZ 0693 Dnc 317, 80s, 90s Industrial dance",60069305,"Fair sex, the","Not now, not here",T05,We came to dance 2,ZZZZ0693,"Dnc 317, 80s, 90s Industrial dance"
60069306 Para cont -D-ranged (We came to dance 6 - V (T15)).m4a,m4a,"ZZZZ 0693 Dnc 317, 80s, 90s Industrial dance",60069306,Para cont,D ranged,T15,We came to dance 6,ZZZZ0693,"Dnc 317, 80s, 90s Industrial dance"
60069307 Steril -Egoist (We came to dance 6 - V (T12)).m4a,m4a,"ZZZZ 0693 Dnc 317, 80s, 90s Industrial dance",60069307,Steril,Egoist,T12,We came to dance 6,ZZZZ0693,"Dnc 317, 80s, 90s Industrial dance"
60069308 Clock dva - Beautiful losers (Clock dva - Advantage (T01)).m4a,m4a,"ZZZZ 0693 Dnc 317, 80s, 90s Industrial dance",60069308,Clock dva,Beautiful losers,T02,Clock dva,ZZZZ0693,"Dnc 317, 80s, 90s Industrial dance"
"60069309 Cyberaktif - Nothing stays (Waxtrax, the black box - V (T02-12)).m4a",m4a,"ZZZZ 0693 Dnc 317, 80s, 90s Industrial dance",60069309,Cyberaktif,Nothing stays,T02: 12,"Waxtrax, the black box, 13 years of waxtrax",ZZZZ0693,"Dnc 317, 80s, 90s Industrial dance"
60069310 Front 242 - Break me (Front 242 - Mutagemixage (T09)).m4a,m4a,"ZZZZ 0693 Dnc 317, 80s, 90s Industrial dance",60069310,Front 242,Break me (& female),T09,Front 242,ZZZZ0693,"Dnc 317, 80s, 90s Industrial dance"
60069311 Schnitt acht - Crouch (Body rapture 2 - V (T12)).m4a,m4a,"ZZZZ 0693 Dnc 317, 80s, 90s Industrial dance",60069311,Schnitt acht,Crouch,T12,Body rapture 2,ZZZZ0693,"Dnc 317, 80s, 90s Industrial dance"
60069312 Nitzer ebb - Kia (Nitzer ebb - Belief (T10)).m4a,m4a,"ZZZZ 0693 Dnc 317, 80s, 90s Industrial dance",60069312,Nitzer ebb,Kia (pk mix),T10,Nitzer ebb,ZZZZ0693,"Dnc 317, 80s, 90s Industrial dance"
60069313 Frontline assembly - Transmutation (Total 01 - V (T01)).m4a,m4a,"ZZZZ 0693 Dnc 317, 80s, 90s Industrial dance",60069313,Frontline assembly,Transmutation,T01,Total 01,ZZZZ0693,"Dnc 317, 80s, 90s Industrial dance"
60069314 Controlled bleeding - Auto grind (Controlled bleeding - Penetration (T03)).m4a,m4a,"ZZZZ 0693 Dnc 317, 80s, 90s Industrial dance",60069314,Controlled bleeding,Auto grind,T03,Controlled bleeding,ZZZZ0693,"Dnc 317, 80s, 90s Industrial dance"
60069315 Clock dva - Sound mirror (Clock dva - Collective (T04)).m4a,m4a,"ZZZZ 0693 Dnc 317, 80s, 90s Industrial dance",60069315,Clock dva,Sound mirror,T04,Clock dva,ZZZZ0693,"Dnc 317, 80s, 90s Industrial dance"
60069316 Christian death - Romeo's distress (Goth industrial club anthems -V (T03-08).m4a,m4a,"ZZZZ 0693 Dnc 317, 80s, 90s Industrial dance",60069316,Christian death,Romeo's distress,T02: 08,Goth industrial club anthems,ZZZZ0693,"Dnc 317, 80s, 90s Industrial dance"
